{"stats":{"minecraft:custom":{"minecraft:time_since_rest":16141,"minecraft:interact_with_furnace":48,"minecraft:sprint_one_cm":43420,"minecraft:damage_taken":900,"minecraft:walk_one_cm":50055,"minecraft:mob_kills":7,"minecraft:drop":2,"minecraft:damage_dealt":909,"minecraft:swim_one_cm":2621,"minecraft:interact_with_crafting_table":7,"minecraft:fly_one_cm":81622,"minecraft:crouch_one_cm":831,"minecraft:play_time":23576,"minecraft:deaths":2,"minecraft:sneak_time":690,"minecraft:walk_under_water_one_cm":3383,"minecraft:jump":417,"minecraft:walk_on_water_one_cm":14068,"minecraft:time_since_death":17598,"minecraft:total_world_time":23576,"minecraft:fall_one_cm":9213},"minecraft:dropped":{"minecraft:gunpowder":2,"minecraft:wooden_axe":1},"minecraft:used":{"minecraft:wooden_axe":31,"minecraft:stone_pickaxe":55,"minecraft:iron_pickaxe":9,"minecraft:wooden_pickaxe":18,"minecraft:cobblestone":10,"minecraft:crafting_table":4,"minecraft:furnace":3,"minecraft:cooked_porkchop":2,"tombstone:gift":2},"minecraft:mined":{"minecraft:furnace":2,"minecraft:iron_ore":20,"minecraft:andesite":3,"minecraft:crafting_table":3,"minecraft:grass":4,"minecraft:coal_ore":21,"minecraft:grass_block":1,"minecraft:oak_log":15,"minecraft:stone":34,"minecraft:oak_leaves":2},"minecraft:crafted":{"minecraft:cooked_beef":2,"minecraft:oak_planks":24,"minecraft:cooked_porkchop":2,"minecraft:shield":1,"minecraft:crafting_table":1,"minecraft:stick":12,"minecraft:iron_pickaxe":2,"minecraft:iron_ingot":13,"minecraft:wooden_pickaxe":1,"minecraft:stone_pickaxe":1,"minecraft:wooden_axe":1,"minecraft:iron_sword":1,"minecraft:furnace":2,"minecraft:air":0},"minecraft:killed_by":{"minecraft:creeper":1},"minecraft:picked_up":{"minecraft:cooked_beef":5,"minecraft:stick":1,"minecraft:crafting_table":3,"minecraft:raw_iron":20,"minecraft:feather":4,"minecraft:chicken":3,"minecraft:andesite":3,"minecraft:porkchop":8,"minecraft:oak_log":14,"minecraft:gunpowder":2,"minecraft:dirt":17,"minecraft:cooked_chicken":3,"minecraft:coal":21,"minecraft:white_wool":3,"minecraft:cobblestone":34,"minecraft:furnace":1},"minecraft:killed":{"minecraft:pig":4,"minecraft:chicken":2,"minecraft:creeper":1}},"DataVersion":3465}