{"stats":{"minecraft:custom":{"minecraft:interact_with_furnace":55,"minecraft:mob_kills":16,"minecraft:interact_with_crafting_table":9,"minecraft:open_barrel":10,"minecraft:damage_dealt_resisted":8,"minecraft:leave_game":3,"minecraft:time_since_death":324,"minecraft:time_since_rest":1,"minecraft:sprint_one_cm":146927,"minecraft:damage_taken":2193,"minecraft:walk_one_cm":111265,"minecraft:damage_blocked_by_shield":510,"minecraft:drop":6,"minecraft:damage_dealt":2989,"minecraft:swim_one_cm":2621,"minecraft:fly_one_cm":189840,"minecraft:open_chest":2,"minecraft:crouch_one_cm":1394,"minecraft:play_time":44952,"tombstone:undead_killed":4,"minecraft:deaths":5,"minecraft:sneak_time":1199,"minecraft:walk_under_water_one_cm":5313,"minecraft:jump":835,"minecraft:walk_on_water_one_cm":18411,"minecraft:total_world_time":44952,"minecraft:fall_one_cm":21011},"minecraft:dropped":{"minecraft:rotten_flesh":2,"minecraft:gunpowder":2,"minecraft:torch":13,"minecraft:wooden_axe":1,"minecraft:iron_pickaxe":1},"minecraft:used":{"minecraft:stone_pickaxe":55,"minecraft:wooden_pickaxe":18,"minecraft:shield":5,"minecraft:iron_sword":64,"minecraft:iron_chestplate":1,"minecraft:crafting_table":4,"minecraft:wooden_axe":31,"minecraft:iron_pickaxe":60,"minecraft:cobblestone":17,"minecraft:furnace":3,"minecraft:cooked_porkchop":2,"tombstone:gift":2,"minecraft:cooked_beef":7},"minecraft:mined":{"minecraft:deepslate_diamond_ore":4,"minecraft:crafting_table":3,"minecraft:grass_block":1,"minecraft:cobblestone":6,"minecraft:furnace":2,"minecraft:iron_ore":48,"minecraft:andesite":3,"minecraft:grass":4,"minecraft:oak_log":15,"minecraft:coal_ore":21,"minecraft:deepslate_iron_ore":10,"minecraft:cobweb":1,"minecraft:stone":35,"minecraft:oak_leaves":2,"minecraft:deepslate":2},"minecraft:crafted":{"minecraft:cooked_beef":2,"minecraft:oak_planks":24,"minecraft:cooked_porkchop":2,"minecraft:crafting_table":1,"minecraft:wooden_pickaxe":1,"minecraft:iron_helmet":1,"minecraft:iron_sword":1,"minecraft:furnace":2,"minecraft:air":0,"minecraft:iron_chestplate":1,"minecraft:shield":1,"minecraft:stick":12,"minecraft:iron_ingot":22,"minecraft:iron_pickaxe":2,"minecraft:stone_pickaxe":1,"minecraft:wooden_axe":1},"minecraft:killed_by":{"enemyexpansion:trollenraged":1,"minecraft:creeper":1,"minecraft:spider":1},"minecraft:picked_up":{"minecraft:crafting_table":3,"minecraft:feather":4,"minecraft:cooked_beef":5,"minecraft:chicken":3,"minecraft:andesite":3,"minecraft:oak_log":14,"minecraft:gunpowder":6,"minecraft:dirt":17,"minecraft:string":3,"minecraft:bone":1,"minecraft:bow":1,"minecraft:cobbled_deepslate":17,"minecraft:cooked_chicken":3,"minecraft:oak_planks":1,"minecraft:furnace":1,"minecraft:stick":1,"minecraft:raw_iron":59,"minecraft:torch":1,"minecraft:porkchop":8,"minecraft:spider_eye":1,"artifacts:lucky_scarf":1,"minecraft:arrow":1,"minecraft:rotten_flesh":6,"minecraft:diamond":4,"minecraft:coal":21,"minecraft:white_wool":3,"minecraft:cobblestone":42},"minecraft:killed":{"minecraft:pig":4,"minecraft:spider":2,"enemyexpansion:direwolf":1,"minecraft:creeper":1,"minecraft:skeleton":2,"minecraft:zombie":1,"minecraft:chicken":2,"artifacts:mimic":1,"enemyexpansion:slugger":1}},"DataVersion":3465}