{"stats":{"minecraft:custom":{"minecraft:interact_with_furnace":59,"minecraft:mob_kills":33,"minecraft:interact_with_crafting_table":24,"minecraft:open_barrel":10,"minecraft:damage_dealt_resisted":8,"minecraft:leave_game":3,"minecraft:time_since_death":36324,"minecraft:sleep_in_bed":1,"minecraft:time_since_rest":11362,"minecraft:sprint_one_cm":293718,"minecraft:damage_taken":2787,"minecraft:walk_one_cm":186419,"minecraft:damage_blocked_by_shield":1270,"minecraft:drop":24,"minecraft:damage_dealt":6011,"minecraft:swim_one_cm":17139,"minecraft:fly_one_cm":451606,"minecraft:open_chest":2,"minecraft:crouch_one_cm":2200,"minecraft:play_time":80952,"tombstone:undead_killed":8,"minecraft:deaths":5,"minecraft:sneak_time":1553,"minecraft:walk_under_water_one_cm":12691,"minecraft:jump":1834,"minecraft:walk_on_water_one_cm":26959,"minecraft:total_world_time":80952,"minecraft:fall_one_cm":49561},"minecraft:dropped":{"minecraft:tuff":3,"minecraft:rotten_flesh":2,"minecraft:oak_planks":4,"minecraft:leather":2,"minecraft:stick":2,"minecraft:dirt":17,"minecraft:gunpowder":10,"minecraft:torch":13,"minecraft:iron_chestplate":2,"minecraft:andesite":3,"minecraft:wooden_axe":1,"tombstone:grave_dust":2,"minecraft:spider_eye":1,"minecraft:iron_pickaxe":1,"minecraft:string":1,"minecraft:bone":1},"minecraft:used":{"minecraft:stone_pickaxe":55,"minecraft:wooden_pickaxe":18,"minecraft:shield":21,"minecraft:iron_sword":145,"minecraft:cooked_chicken":3,"minecraft:iron_chestplate":1,"minecraft:glow_berries":11,"minecraft:crafting_table":8,"minecraft:cod":1,"minecraft:white_bed":1,"minecraft:wooden_axe":31,"minecraft:bread":3,"minecraft:iron_pickaxe":136,"minecraft:cobblestone":25,"minecraft:cooked_cod":4,"minecraft:furnace":4,"minecraft:cooked_porkchop":2,"tombstone:gift":2,"alexsmobs:animal_dictionary":1,"minecraft:cooked_beef":7,"minecraft:cobbled_deepslate":10},"minecraft:mined":{"minecraft:white_bed":1,"iceandfire:silver_ore":1,"minecraft:deepslate_diamond_ore":8,"minecraft:crafting_table":7,"minecraft:grass_block":2,"minecraft:cobblestone":9,"minecraft:deepslate_gold_ore":2,"supplementaries:urn":1,"minecraft:furnace":3,"minecraft:cobbled_deepslate":3,"minecraft:iron_ore":57,"minecraft:andesite":3,"minecraft:grass":9,"minecraft:oak_log":15,"minecraft:coal_ore":21,"minecraft:deepslate_iron_ore":15,"minecraft:dirt":3,"minecraft:cobweb":1,"minecraft:stone":73,"minecraft:gold_ore":5,"minecraft:oak_leaves":5,"minecraft:deepslate":6},"minecraft:crafted":{"minecraft:cooked_beef":2,"minecraft:cooked_cod":4,"minecraft:oak_planks":44,"sophisticatedbackpacks:backpack":1,"minecraft:cooked_porkchop":2,"minecraft:crafting_table":3,"minecraft:wooden_pickaxe":1,"minecraft:iron_helmet":1,"minecraft:iron_sword":1,"minecraft:furnace":3,"minecraft:air":0,"minecraft:diamond_leggings":1,"minecraft:iron_chestplate":1,"minecraft:shield":1,"minecraft:stick":12,"quark:oak_chest":1,"minecraft:iron_ingot":22,"minecraft:iron_pickaxe":2,"minecraft:stone_pickaxe":1,"minecraft:wooden_axe":1,"minecraft:white_bed":1,"minecraft:diamond_chestplate":1},"minecraft:killed_by":{"enemyexpansion:trollenraged":1,"minecraft:creeper":1,"minecraft:spider":1},"minecraft:picked_up":{"minecraft:iron_chestplate":2,"minecraft:crafting_table":6,"minecraft:feather":6,"minecraft:cooked_beef":5,"minecraft:chicken":3,"minecraft:andesite":3,"minecraft:leather":10,"minecraft:tuff":3,"minecraft:oak_log":14,"minecraft:gunpowder":14,"minecraft:dirt":17,"minecraft:string":5,"minecraft:bone":1,"minecraft:bow":1,"minecraft:cobbled_deepslate":41,"minecraft:raw_gold":11,"minecraft:beef":13,"minecraft:cooked_chicken":3,"minecraft:oak_planks":1,"minecraft:egg":2,"minecraft:furnace":2,"minecraft:stick":1,"minecraft:raw_iron":76,"minecraft:torch":1,"minecraft:porkchop":8,"tombstone:grave_dust":1,"minecraft:white_bed":1,"minecraft:spider_eye":1,"artifacts:lucky_scarf":1,"minecraft:arrow":2,"minecraft:rotten_flesh":9,"minecraft:diamond":12,"minecraft:coal":21,"minecraft:white_wool":3,"minecraft:cobblestone":82},"minecraft:killed":{"minecraft:pig":5,"alexsmobs:grizzly_bear":1,"minecraft:spider":3,"earthmobsmod:cream_cow":3,"enemyexpansion:direwolf":1,"minecraft:creeper":1,"minecraft:skeleton":2,"minecraft:zombie":5,"minecraft:chicken":3,"minecraft:cow":5,"artifacts:mimic":1,"enemyexpansion:slugger":1}},"DataVersion":3465}