{"stats":{"minecraft:custom":{"minecraft:mob_kills":81,"minecraft:interact_with_crafting_table":33,"minecraft:open_barrel":14,"minecraft:damage_dealt_resisted":8,"minecraft:leave_game":5,"minecraft:time_since_death":12435,"minecraft:climb_one_cm":40046,"minecraft:sprint_one_cm":520242,"minecraft:walk_one_cm":420736,"minecraft:damage_blocked_by_shield":1345,"minecraft:drop":48,"minecraft:play_time":176494,"minecraft:sneak_time":8787,"minecraft:deaths":9,"minecraft:walk_under_water_one_cm":60054,"minecraft:jump":3217,"minecraft:interact_with_brewingstand":1,"minecraft:walk_on_water_one_cm":47980,"minecraft:total_world_time":176494,"minecraft:interact_with_furnace":63,"tombstone:raider_killed":6,"minecraft:sleep_in_bed":4,"minecraft:time_since_rest":3282,"minecraft:damage_taken":4968,"minecraft:damage_dealt":17460,"minecraft:swim_one_cm":73784,"minecraft:fly_one_cm":730500,"minecraft:open_chest":14,"minecraft:crouch_one_cm":13635,"tombstone:undead_killed":44,"minecraft:fall_one_cm":74303},"minecraft:mined":{"minecraft:white_bed":3,"iceandfire:silver_ore":1,"minecraft:quartz_stairs":2,"minecraft:mossy_cobblestone":7,"minecraft:deepslate_diamond_ore":8,"minecraft:brewing_stand":1,"minecraft:lever":1,"minecraft:grass_block":4,"minecraft:spruce_leaves":7,"minecraft:rooted_dirt":17,"minecraft:spawner":1,"minecraft:large_fern":1,"minecraft:magma_block":1,"minecraft:furnace":3,"minecraft:cobbled_deepslate":6,"minecraft:iron_ore":57,"minecraft:sticky_piston":2,"minecraft:fire":1,"quark:stick_block":1,"minecraft:andesite":3,"minecraft:gold_block":2,"minecraft:deepslate_iron_ore":15,"minecraft:stone":81,"minecraft:spruce_slab":5,"minecraft:brown_mushroom":1,"minecraft:chiseled_quartz_block":2,"minecraft:crafting_table":8,"minecraft:cobblestone":15,"minecraft:deepslate_gold_ore":2,"minecraft:oak_planks":3,"minecraft:diorite":6,"minecraft:iron_door":1,"minecraft:wall_torch":1,"supplementaries:urn":1,"minecraft:seagrass":2,"minecraft:coarse_dirt":8,"minecraft:spruce_log":2,"minecraft:birch_leaves":1,"minecraft:grass":10,"minecraft:oak_log":15,"minecraft:coal_ore":21,"minecraft:dirt":12,"minecraft:sandstone_wall":1,"minecraft:cobweb":1,"minecraft:gold_ore":5,"minecraft:oak_leaves":5,"minecraft:deepslate":6,"minecraft:fern":4},"minecraft:crafted":{"minecraft:oak_planks":44,"minecraft:furnace":3,"minecraft:diamond_leggings":1,"minecraft:stone_pickaxe":1,"minecraft:cooked_beef":15,"minecraft:cooked_cod":4,"minecraft:diamond_sword":1,"sophisticatedbackpacks:backpack":1,"minecraft:cooked_porkchop":2,"quark:stick_block":1,"minecraft:crafting_table":4,"minecraft:wooden_pickaxe":1,"minecraft:iron_helmet":1,"minecraft:iron_sword":1,"minecraft:air":0,"minecraft:iron_chestplate":1,"minecraft:shield":1,"minecraft:stick":37,"quark:oak_chest":1,"minecraft:iron_ingot":22,"minecraft:iron_pickaxe":2,"minecraft:wooden_axe":1,"minecraft:gold_ingot":18,"minecraft:white_bed":1,"minecraft:diamond_chestplate":1},"minecraft:picked_up":{"minecraft:crafting_table":7,"minecraft:iron_chestplate":2,"minecraft:coarse_dirt":6,"minecraft:chicken":3,"minecraft:diamond_sword":1,"minecraft:gold_block":2,"minecraft:enchanted_book":1,"minecraft:brewing_stand":1,"minecraft:string":9,"minecraft:sticky_piston":3,"minecraft:cobbled_deepslate":44,"minecraft:beef":13,"minecraft:iron_nugget":4,"minecraft:spruce_slab":19,"minecraft:quartz_stairs":4,"minecraft:furnace":2,"minecraft:egg":2,"minecraft:stick":5,"minecraft:raw_iron":76,"minecraft:torch":2,"minecraft:sandstone_wall":1,"minecraft:porkchop":8,"tombstone:grave_dust":7,"minecraft:cookie":5,"minecraft:arrow":31,"artifacts:lucky_scarf":1,"minecraft:rotten_flesh":26,"minecraft:saddle":2,"tombstone:essence_of_undeath":1,"minecraft:white_wool":3,"minecraft:cobblestone":94,"minecraft:magma_block":1,"minecraft:feather":12,"minecraft:cooked_beef":5,"minecraft:andesite":3,"minecraft:leather":10,"minecraft:chiseled_quartz_block":2,"minecraft:tuff":3,"minecraft:oak_log":14,"minecraft:gunpowder":14,"tombstone:voodoo_poppet":2,"minecraft:dirt":23,"minecraft:cooked_mutton":5,"minecraft:bone":27,"minecraft:bow":2,"minecraft:raw_gold":11,"alexsmobs:cockroach_wing_fragment":1,"minecraft:cooked_chicken":3,"minecraft:glass_bottle":2,"minecraft:iron_sword":1,"minecraft:oak_planks":7,"quark:stick_block":1,"minecraft:sweet_berries":13,"minecraft:white_bed":2,"minecraft:spruce_log":2,"minecraft:spider_eye":1,"minecraft:bundle":2,"minecraft:diamond":12,"minecraft:stone_axe":1,"minecraft:lever":1,"minecraft:emerald":3,"minecraft:rooted_dirt":1,"tombstone:magic_scroll":1,"minecraft:coal":21},"minecraft:killed_by":{"minecraft:player":1,"enemyexpansion:trollenraged":1,"minecraft:creeper":1,"minecraft:spider":1,"takesapillage:skirmisher":1,"minecraft:skeleton":1,"enemyexpansion:invisicreeper":1},"minecraft:dropped":{"minecraft:iron_sword":2,"minecraft:cooked_beef":4,"minecraft:glass_bottle":1,"minecraft:feather":6,"minecraft:rooted_dirt":1,"minecraft:leather":6,"minecraft:saddle":2,"minecraft:stick":21,"minecraft:dirt":23,"minecraft:torch":14,"minecraft:wooden_axe":1,"tombstone:grave_dust":6,"minecraft:iron_pickaxe":1,"minecraft:string":1,"tombstone:voodoo_poppet":2,"minecraft:bone":1,"minecraft:tuff":3,"minecraft:rotten_flesh":9,"minecraft:oak_planks":4,"minecraft:sandstone_wall":1,"minecraft:diamond_sword":1,"minecraft:gunpowder":14,"minecraft:iron_chestplate":2,"minecraft:andesite":3,"minecraft:quartz_stairs":2,"minecraft:spider_eye":1},"minecraft:killed":{"illagerinvasion:archivist":1,"takesapillage:legioner":2,"minecraft:spider":5,"minecraft:vindicator":1,"enemyexpansion:direwolf":3,"illagerinvasion:basher":1,"minecraft:skeleton":22,"minecraft:chicken":4,"artifacts:mimic":1,"minecraft:pig":5,"alexsmobs:grizzly_bear":1,"earthmobsmod:cream_cow":3,"illagerinvasion:alchemist":1,"minecraft:creeper":1,"minecraft:zombie":20,"alexsmobs:cockroach":1,"minecraft:cow":5,"enemyexpansion:slugger":2},"minecraft:broken":{"minecraft:iron_helmet":1},"minecraft:used":{"minecraft:spruce_slab":13,"minecraft:shield":22,"minecraft:iron_sword":240,"minecraft:quartz_stairs":1,"minecraft:cooked_chicken":3,"minecraft:iron_chestplate":1,"minecraft:wooden_axe":31,"minecraft:sweet_berries":10,"minecraft:furnace":5,"minecraft:cooked_cod":4,"quark:stick_block":1,"tombstone:gift":4,"minecraft:cooked_beef":16,"minecraft:cobbled_deepslate":36,"minecraft:cooked_mutton":5,"minecraft:stone_pickaxe":55,"minecraft:oak_planks":2,"minecraft:wooden_pickaxe":18,"minecraft:glow_berries":11,"minecraft:crafting_table":10,"minecraft:white_bed":3,"minecraft:cod":1,"minecraft:lever":1,"minecraft:bread":3,"minecraft:iron_pickaxe":200,"minecraft:diamond_sword":226,"minecraft:cobblestone":53,"minecraft:cooked_porkchop":2,"alexsmobs:animal_dictionary":1,"minecraft:coarse_dirt":1}},"DataVersion":3465}