{"stats":{"minecraft:mined":{"minecraft:white_bed":3,"iceandfire:copper_pile":6,"minecraft:brewing_stand":2,"minecraft:grass_block":4,"minecraft:spawner":1,"minecraft:magma_block":1,"minecraft:cobbled_deepslate":9,"minecraft:iron_ore":62,"minecraft:sticky_piston":2,"minecraft:fire":4,"quark:stick_block":1,"iceandfire:gold_pile":30,"minecraft:dirt_path":2,"minecraft:warped_button":1,"minecraft:spruce_slab":5,"minecraft:brown_mushroom":1,"minecraft:powder_snow":4,"minecraft:chiseled_quartz_block":2,"minecraft:torch":1,"minecraft:cobblestone":15,"minecraft:oak_planks":3,"minecraft:iron_door":1,"minecraft:wall_torch":2,"minecraft:seagrass":2,"minecraft:tnt":1,"minecraft:grass":12,"minecraft:oak_log":15,"minecraft:dirt":12,"minecraft:sandstone_wall":1,"minecraft:oak_leaves":6,"minecraft:deepslate":51,"alexscaves:spelunkery_table":1,"minecraft:diamond_ore":1,"minecraft:tuff":17,"iceandfire:silver_ore":1,"minecraft:quartz_stairs":2,"minecraft:mossy_cobblestone":7,"minecraft:deepslate_diamond_ore":20,"minecraft:lever":1,"minecraft:spruce_leaves":9,"minecraft:rooted_dirt":17,"minecraft:large_fern":1,"minecraft:furnace":3,"minecraft:andesite":3,"minecraft:gold_block":4,"minecraft:bookshelf":1,"minecraft:deepslate_iron_ore":39,"minecraft:vine":1,"minecraft:stone":105,"minecraft:crafting_table":9,"minecraft:tall_grass":7,"minecraft:deepslate_gold_ore":2,"minecraft:diorite":6,"supplementaries:urn":8,"minecraft:birch_planks":10,"minecraft:coarse_dirt":8,"minecraft:beehive":1,"minecraft:spruce_log":2,"minecraft:birch_leaves":1,"minecraft:coal_ore":21,"iceandfire:silver_pile":9,"quark:monster_box":1,"minecraft:cobweb":4,"minecraft:gold_ore":5,"minecraft:fern":6},"minecraft:dropped":{"minecraft:iron_sword":2,"minecraft:cooked_beef":4,"minecraft:oak_log":1,"minecraft:glass_bottle":2,"minecraft:rooted_dirt":1,"minecraft:leather":9,"minecraft:saddle":2,"minecraft:cod":6,"minecraft:item_frame":1,"minecraft:gold_block":6,"minecraft:dirt":26,"minecraft:iron_pickaxe":2,"minecraft:fermented_spider_eye":2,"minecraft:gold_ingot":1,"minecraft:bone":29,"minecraft:stone_axe":1,"minecraft:iron_nugget":4,"minecraft:cobbled_deepslate":8,"alexsmobs:animal_dictionary":1,"minecraft:rotten_flesh":30,"minecraft:oak_planks":6,"minecraft:carrot":2,"minecraft:sandstone_wall":1,"supplementaries:ash":1,"minecraft:gunpowder":14,"artifacts:panic_necklace":1,"minecraft:beef":5,"minecraft:egg":2,"minecraft:iron_ingot":7,"minecraft:wheat_seeds":19,"minecraft:diamond_leggings":1,"minecraft:feather":13,"minecraft:iron_helmet":1,"minecraft:apple":7,"minecraft:chainmail_helmet":1,"minecraft:stick":31,"iceandfire:armor_red_helmet":1,"iceandfire:copper_nugget":42,"minecraft:torch":14,"minecraft:wooden_axe":1,"tombstone:grave_dust":6,"minecraft:string":6,"tombstone:voodoo_poppet":2,"iceandfire:dragonscales_bronze":1,"iceandfire:dragonbone":3,"iceandfire:silver_nugget":30,"iceandfire:armor_red_chestplate":1,"minecraft:chiseled_quartz_block":2,"minecraft:sticky_piston":2,"minecraft:tuff":3,"minecraft:chicken":3,"minecraft:iron_boots":1,"minecraft:diamond_sword":1,"minecraft:hay_block":1,"minecraft:diamond_chestplate":1,"minecraft:bundle":1,"minecraft:diamond_pickaxe":1,"minecraft:iron_chestplate":3,"minecraft:andesite":3,"minecraft:quartz_stairs":3,"earthmobsmod:fancy_feather":2,"minecraft:oak_sapling":3,"artifacts:eternal_steak":1,"minecraft:spider_eye":2,"minecraft:bow":1,"minecraft:stone_pickaxe":1,"minecraft:wooden_pickaxe":1,"minecraft:magma_block":1},"minecraft:broken":{"minecraft:iron_helmet":1},"minecraft:used":{"minecraft:spruce_slab":13,"minecraft:shield":56,"minecraft:iron_sword":240,"minecraft:quartz_stairs":1,"minecraft:iron_chestplate":4,"minecraft:tuff":17,"iceandfire:armor_red_boots":1,"minecraft:iron_helmet":1,"minecraft:bow":30,"minecraft:sweet_berries":19,"minecraft:furnace":5,"minecraft:cooked_cod":4,"minecraft:gold_block":2,"iceandfire:armor_red_helmet":1,"minecraft:stone_pickaxe":55,"minecraft:oak_planks":2,"minecraft:wooden_pickaxe":52,"artifacts:eternal_steak":38,"minecraft:golden_apple":1,"minecraft:glow_berries":11,"alexscaves:cave_book":2,"minecraft:sticky_piston":1,"minecraft:lever":1,"minecraft:bread":3,"minecraft:diamond_sword":604,"iceandfire:dragon_skull_fire":1,"minecraft:coarse_dirt":1,"minecraft:experience_bottle":1,"minecraft:spruce_planks":22,"minecraft:cooked_chicken":3,"minecraft:wooden_axe":31,"minecraft:iron_boots":1,"minecraft:diamond_chestplate":3,"quark:stick_block":1,"tombstone:gift":8,"minecraft:cooked_beef":16,"minecraft:cobbled_deepslate":96,"minecraft:cooked_mutton":5,"minecraft:birch_planks":1,"minecraft:crafting_table":13,"minecraft:white_bed":3,"minecraft:cod":1,"iceandfire:armor_bronze_chestplate":1,"minecraft:diamond_pickaxe":27,"minecraft:iron_pickaxe":335,"minecraft:stone_axe":1,"minecraft:cobblestone":54,"minecraft:cooked_porkchop":3,"alexsmobs:animal_dictionary":1},"minecraft:crafted":{"minecraft:oak_planks":48,"minecraft:diamond_leggings":1,"sophisticatedbackpacks:backpack":1,"minecraft:cooked_porkchop":10,"quark:stick_block":1,"minecraft:crafting_table":5,"minecraft:wooden_pickaxe":2,"minecraft:iron_helmet":1,"iceandfire:armor_red_chestplate":1,"minecraft:gold_block":7,"minecraft:iron_chestplate":1,"minecraft:shield":2,"quark:oak_chest":1,"minecraft:stick":45,"minecraft:iron_ingot":22,"minecraft:iron_pickaxe":2,"minecraft:gold_ingot":55,"artifacts:eternal_steak":1,"minecraft:furnace":3,"iceandfire:armor_red_leggings":1,"minecraft:stone_pickaxe":1,"iceandfire:armor_bronze_chestplate":1,"iceandfire:armor_red_boots":1,"sophisticatedbackpacks:iron_backpack":1,"minecraft:cooked_beef":15,"minecraft:cooked_cod":4,"minecraft:diamond_sword":1,"minecraft:iron_sword":1,"sophisticatedbackpacks:gold_backpack":1,"minecraft:air":0,"iceandfire:armor_red_helmet":2,"minecraft:wooden_axe":1,"minecraft:white_bed":1,"minecraft:diamond_chestplate":1},"minecraft:picked_up":{"minecraft:iron_chestplate":2,"minecraft:flower_pot":1,"minecraft:diamond_sword":6,"minecraft:enchanted_book":1,"minecraft:brewing_stand":2,"iceandfire:manuscript":4,"minecraft:string":14,"minecraft:sticky_piston":3,"minecraft:experience_bottle":1,"minecraft:gold_nugget":303,"minecraft:cobbled_deepslate":107,"minecraft:spruce_planks":64,"minecraft:iron_pickaxe":1,"iceandfire:dragonscales_red":32,"minecraft:furnace":2,"minecraft:stick":10,"minecraft:torch":5,"minecraft:sandstone_wall":1,"minecraft:porkchop":8,"tombstone:grave_dust":9,"minecraft:rotten_flesh":44,"artifacts:lucky_scarf":1,"iceandfire:fire_dragon_heart":1,"artifacts:panic_necklace":2,"minecraft:cod":4,"minecraft:cobblestone":120,"minecraft:magma_block":1,"minecraft:feather":17,"minecraft:cooked_beef":5,"minecraft:andesite":3,"minecraft:chiseled_quartz_block":2,"minecraft:tuff":20,"artifacts:pickaxe_heater":1,"iceandfire:dragonscales_bronze":12,"minecraft:dirt":26,"minecraft:bone":37,"minecraft:bow":5,"minecraft:wheat_seeds":18,"minecraft:raw_gold":11,"minecraft:oak_planks":7,"minecraft:cooked_porkchop":2,"iceandfire:dragon_skull_fire":2,"minecraft:fermented_spider_eye":2,"minecraft:bundle":3,"minecraft:diamond":29,"minecraft:lever":1,"minecraft:emerald":3,"minecraft:chainmail_helmet":1,"minecraft:rooted_dirt":1,"minecraft:oak_sapling":2,"iceandfire:silver_nugget":30,"minecraft:crafting_table":8,"minecraft:coarse_dirt":6,"minecraft:chicken":6,"minecraft:gold_block":7,"minecraft:item_frame":1,"minecraft:beef":18,"minecraft:iron_nugget":4,"minecraft:spruce_slab":19,"minecraft:quartz_stairs":4,"minecraft:egg":2,"minecraft:raw_iron":111,"iceandfire:dragonbone":7,"minecraft:cookie":5,"minecraft:carrot":2,"artifacts:everlasting_beef":1,"minecraft:tnt":1,"artifacts:cowboy_hat":1,"iceandfire:cyclops_eye":1,"minecraft:arrow":51,"minecraft:hay_block":1,"alexscaves:spelunkery_table":1,"minecraft:saddle":2,"tombstone:essence_of_undeath":1,"minecraft:white_wool":3,"minecraft:skeleton_skull":2,"minecraft:rail":1,"artifacts:eternal_steak":1,"minecraft:leather":17,"minecraft:birch_planks":10,"minecraft:oak_log":16,"minecraft:chainmail_chestplate":1,"minecraft:gunpowder":21,"tombstone:voodoo_poppet":2,"tombstone:gift":1,"quark:forgotten_hat":1,"minecraft:cooked_mutton":5,"alexsmobs:cockroach_wing_fragment":1,"minecraft:iron_ingot":7,"earthmobsmod:fancy_feather":2,"minecraft:cooked_chicken":3,"minecraft:glass_bottle":2,"minecraft:iron_sword":1,"minecraft:book":3,"quark:stick_block":1,"iceandfire:copper_nugget":42,"minecraft:sweet_berries":14,"minecraft:white_bed":2,"minecraft:spruce_log":2,"minecraft:spider_eye":2,"minecraft:stone_axe":1,"minecraft:iron_helmet":1,"tombstone:magic_scroll":3,"minecraft:coal":21},"minecraft:custom":{"minecraft:interact_with_crafting_table":62,"minecraft:open_barrel":35,"minecraft:leave_game":6,"minecraft:time_since_death":48919,"minecraft:sprint_one_cm":1052065,"minecraft:damage_blocked_by_shield":2225,"minecraft:drop":117,"minecraft:talked_to_villager":1,"minecraft:play_time":316152,"minecraft:deaths":22,"minecraft:jump":7594,"minecraft:interact_with_brewingstand":2,"minecraft:walk_on_water_one_cm":70515,"minecraft:interact_with_furnace":72,"minecraft:interact_with_loom":6,"minecraft:sleep_in_bed":5,"minecraft:damage_dealt":38299,"minecraft:crouch_one_cm":21493,"tombstone:undead_killed":79,"minecraft:mob_kills":156,"minecraft:damage_dealt_resisted":8,"minecraft:climb_one_cm":42751,"minecraft:walk_one_cm":862249,"minecraft:sneak_time":13232,"minecraft:walk_under_water_one_cm":64104,"minecraft:total_world_time":316152,"tombstone:raider_killed":6,"minecraft:time_since_rest":47331,"minecraft:damage_taken":10946,"minecraft:damage_absorbed":43,"minecraft:swim_one_cm":74450,"minecraft:fly_one_cm":1472866,"minecraft:open_chest":54,"minecraft:fall_one_cm":194685},"minecraft:killed":{"illagerinvasion:archivist":1,"minecraft:spider":8,"illagerinvasion:basher":1,"quark:forgotten":1,"minecraft:skeleton":32,"minecraft:chicken":7,"minecraft:silverfish":1,"enemyexpansion:vampflyer":3,"artifacts:mimic":4,"minecraft:pig":5,"alexsmobs:grizzly_bear":2,"earthmobsmod:lobber_zombie":1,"illagerinvasion:alchemist":1,"minecraft:creeper":4,"minecraft:zombie":31,"enemyexpansion:vampire":1,"minecraft:cow":7,"takesapillage:legioner":2,"enemyexpansion:intruder":1,"minecraft:vindicator":1,"enemyexpansion:direwolf":10,"enemyexpansion:faller":1,"iceandfire:fire_dragon":2,"earthmobsmod:fancy_chicken":1,"iceandfire:troll":1,"enemyexpansion:sprinter":4,"earthmobsmod:cream_cow":3,"alexsmobs:cockroach":1,"enemyexpansion:huntsman":3,"enemyexpansion:slugger":3},"minecraft:killed_by":{"iceandfire:cyclops":6,"minecraft:creeper":1,"iceandfire:fire_dragon":6,"enemyexpansion:invisicreeper":1,"minecraft:player":1,"enemyexpansion:trollenraged":1,"minecraft:spider":1,"takesapillage:skirmisher":1,"minecraft:skeleton":1}},"DataVersion":3465}