{"stats":{"minecraft:custom":{"minecraft:interact_with_furnace":63,"minecraft:mob_kills":35,"tombstone:raider_killed":2,"minecraft:interact_with_crafting_table":30,"minecraft:open_barrel":11,"minecraft:damage_dealt_resisted":8,"minecraft:leave_game":3,"minecraft:time_since_death":9025,"minecraft:sleep_in_bed":1,"minecraft:climb_one_cm":22703,"minecraft:time_since_rest":6626,"minecraft:sprint_one_cm":345495,"minecraft:damage_taken":3201,"minecraft:walk_one_cm":229904,"minecraft:damage_blocked_by_shield":1345,"minecraft:drop":30,"minecraft:damage_dealt":7070,"minecraft:swim_one_cm":25919,"minecraft:fly_one_cm":542902,"minecraft:open_chest":4,"minecraft:crouch_one_cm":4792,"minecraft:play_time":104952,"tombstone:undead_killed":8,"minecraft:deaths":6,"minecraft:sneak_time":4179,"minecraft:walk_under_water_one_cm":13827,"minecraft:jump":2185,"minecraft:walk_on_water_one_cm":31562,"minecraft:total_world_time":104952,"minecraft:fall_one_cm":55459},"minecraft:dropped":{"minecraft:iron_sword":1,"minecraft:tuff":3,"minecraft:feather":6,"minecraft:rotten_flesh":9,"minecraft:oak_planks":4,"minecraft:leather":2,"minecraft:saddle":2,"minecraft:stick":2,"minecraft:dirt":17,"minecraft:gunpowder":14,"minecraft:torch":13,"minecraft:iron_chestplate":2,"minecraft:andesite":3,"minecraft:wooden_axe":1,"tombstone:grave_dust":2,"minecraft:spider_eye":1,"minecraft:iron_pickaxe":1,"minecraft:string":1,"minecraft:bone":1},"minecraft:used":{"minecraft:cooked_mutton":4,"minecraft:stone_pickaxe":55,"minecraft:oak_planks":2,"minecraft:wooden_pickaxe":18,"minecraft:shield":22,"minecraft:iron_sword":191,"minecraft:cooked_chicken":3,"minecraft:iron_chestplate":1,"minecraft:glow_berries":11,"minecraft:crafting_table":9,"minecraft:cod":1,"minecraft:white_bed":1,"minecraft:wooden_axe":31,"minecraft:bread":3,"minecraft:iron_pickaxe":147,"minecraft:cobblestone":43,"minecraft:cooked_cod":4,"minecraft:furnace":5,"minecraft:cooked_porkchop":2,"quark:stick_block":1,"tombstone:gift":2,"alexsmobs:animal_dictionary":1,"minecraft:coarse_dirt":1,"minecraft:cooked_beef":7,"minecraft:cobbled_deepslate":26},"minecraft:mined":{"minecraft:white_bed":1,"iceandfire:silver_ore":1,"minecraft:quartz_stairs":1,"minecraft:deepslate_diamond_ore":8,"minecraft:chiseled_quartz_block":1,"minecraft:crafting_table":7,"minecraft:grass_block":2,"minecraft:cobblestone":12,"minecraft:deepslate_gold_ore":2,"minecraft:oak_planks":2,"supplementaries:urn":1,"minecraft:coarse_dirt":7,"minecraft:furnace":3,"minecraft:cobbled_deepslate":5,"minecraft:iron_ore":57,"quark:stick_block":1,"minecraft:spruce_log":2,"minecraft:andesite":3,"minecraft:grass":9,"minecraft:oak_log":15,"minecraft:coal_ore":21,"minecraft:deepslate_iron_ore":15,"minecraft:sandstone_wall":1,"minecraft:dirt":8,"minecraft:cobweb":1,"minecraft:fern":1,"minecraft:stone":73,"minecraft:gold_ore":5,"minecraft:oak_leaves":5,"minecraft:deepslate":6},"minecraft:crafted":{"minecraft:cooked_beef":15,"minecraft:cooked_cod":4,"minecraft:oak_planks":44,"sophisticatedbackpacks:backpack":1,"minecraft:cooked_porkchop":2,"quark:stick_block":1,"minecraft:crafting_table":3,"minecraft:wooden_pickaxe":1,"minecraft:iron_helmet":1,"minecraft:iron_sword":1,"minecraft:furnace":3,"minecraft:air":0,"minecraft:diamond_leggings":1,"minecraft:iron_chestplate":1,"minecraft:shield":1,"minecraft:stick":37,"quark:oak_chest":1,"minecraft:iron_ingot":22,"minecraft:iron_pickaxe":2,"minecraft:stone_pickaxe":1,"minecraft:wooden_axe":1,"minecraft:white_bed":1,"minecraft:diamond_chestplate":1},"minecraft:killed_by":{"enemyexpansion:trollenraged":1,"minecraft:creeper":1,"minecraft:spider":1,"takesapillage:skirmisher":1},"minecraft:picked_up":{"minecraft:coarse_dirt":5,"minecraft:iron_chestplate":2,"minecraft:crafting_table":6,"minecraft:feather":12,"minecraft:cooked_beef":5,"minecraft:chicken":3,"minecraft:andesite":3,"minecraft:leather":10,"minecraft:chiseled_quartz_block":1,"minecraft:tuff":3,"minecraft:oak_log":14,"minecraft:gunpowder":14,"minecraft:dirt":21,"minecraft:string":5,"minecraft:cooked_mutton":5,"minecraft:bone":1,"minecraft:bow":2,"minecraft:cobbled_deepslate":43,"minecraft:raw_gold":11,"minecraft:beef":13,"minecraft:cooked_chicken":3,"minecraft:quartz_stairs":1,"minecraft:iron_sword":1,"minecraft:oak_planks":3,"minecraft:egg":2,"minecraft:furnace":2,"quark:stick_block":1,"minecraft:stick":1,"minecraft:raw_iron":76,"minecraft:torch":1,"minecraft:sandstone_wall":1,"minecraft:porkchop":8,"tombstone:grave_dust":1,"minecraft:spruce_log":2,"minecraft:white_bed":1,"minecraft:spider_eye":1,"artifacts:lucky_scarf":1,"minecraft:arrow":20,"minecraft:rotten_flesh":9,"minecraft:diamond":12,"minecraft:emerald":2,"minecraft:saddle":2,"tombstone:essence_of_undeath":1,"minecraft:coal":21,"minecraft:white_wool":3,"minecraft:cobblestone":85},"minecraft:killed":{"minecraft:pig":5,"alexsmobs:grizzly_bear":1,"takesapillage:legioner":2,"minecraft:spider":3,"earthmobsmod:cream_cow":3,"enemyexpansion:direwolf":1,"minecraft:creeper":1,"minecraft:skeleton":2,"minecraft:zombie":5,"minecraft:chicken":3,"minecraft:cow":5,"artifacts:mimic":1,"enemyexpansion:slugger":1}},"DataVersion":3465}