{"stats":{"minecraft:custom":{"minecraft:mob_kills":65,"minecraft:interact_with_crafting_table":33,"minecraft:open_barrel":11,"minecraft:damage_dealt_resisted":8,"minecraft:leave_game":3,"minecraft:time_since_death":29516,"minecraft:climb_one_cm":38654,"minecraft:sprint_one_cm":414207,"minecraft:walk_one_cm":318842,"minecraft:damage_blocked_by_shield":1345,"minecraft:drop":39,"minecraft:play_time":140952,"minecraft:sneak_time":6630,"minecraft:deaths":7,"minecraft:walk_under_water_one_cm":22784,"minecraft:jump":2537,"minecraft:walk_on_water_one_cm":38195,"minecraft:total_world_time":140952,"minecraft:interact_with_furnace":63,"tombstone:raider_killed":2,"minecraft:sleep_in_bed":2,"minecraft:time_since_rest":24986,"minecraft:damage_taken":4187,"minecraft:damage_dealt":13909,"minecraft:swim_one_cm":63545,"minecraft:fly_one_cm":612552,"minecraft:open_chest":9,"minecraft:crouch_one_cm":11586,"tombstone:undead_killed":33,"minecraft:fall_one_cm":62622},"minecraft:used":{"minecraft:spruce_slab":9,"minecraft:shield":22,"minecraft:iron_sword":240,"minecraft:quartz_stairs":1,"minecraft:cooked_chicken":3,"minecraft:iron_chestplate":1,"minecraft:wooden_axe":31,"minecraft:furnace":5,"minecraft:cooked_cod":4,"quark:stick_block":1,"tombstone:gift":4,"minecraft:cooked_beef":14,"minecraft:cobbled_deepslate":36,"minecraft:cooked_mutton":5,"minecraft:stone_pickaxe":55,"minecraft:oak_planks":2,"minecraft:wooden_pickaxe":18,"minecraft:glow_berries":11,"minecraft:crafting_table":10,"minecraft:white_bed":1,"minecraft:cod":1,"minecraft:bread":3,"minecraft:iron_pickaxe":160,"minecraft:diamond_sword":159,"minecraft:cobblestone":43,"minecraft:cooked_porkchop":2,"alexsmobs:animal_dictionary":1,"minecraft:coarse_dirt":1},"minecraft:dropped":{"minecraft:iron_sword":2,"minecraft:cooked_beef":2,"minecraft:feather":6,"minecraft:leather":2,"minecraft:saddle":2,"minecraft:stick":2,"minecraft:dirt":17,"minecraft:torch":14,"minecraft:wooden_axe":1,"tombstone:grave_dust":6,"minecraft:iron_pickaxe":1,"minecraft:string":1,"tombstone:voodoo_poppet":2,"minecraft:bone":1,"minecraft:tuff":3,"minecraft:rotten_flesh":9,"minecraft:oak_planks":4,"minecraft:sandstone_wall":1,"minecraft:diamond_sword":1,"minecraft:gunpowder":14,"minecraft:iron_chestplate":2,"minecraft:andesite":3,"minecraft:spider_eye":1},"minecraft:mined":{"minecraft:white_bed":2,"iceandfire:silver_ore":1,"minecraft:quartz_stairs":2,"minecraft:deepslate_diamond_ore":8,"minecraft:grass_block":2,"minecraft:large_fern":1,"minecraft:magma_block":1,"minecraft:furnace":3,"minecraft:sticky_piston":2,"minecraft:iron_ore":57,"minecraft:cobbled_deepslate":6,"quark:stick_block":1,"minecraft:andesite":3,"minecraft:gold_block":2,"minecraft:deepslate_iron_ore":15,"minecraft:stone":73,"minecraft:spruce_slab":5,"minecraft:chiseled_quartz_block":2,"minecraft:crafting_table":8,"minecraft:cobblestone":12,"minecraft:deepslate_gold_ore":2,"minecraft:oak_planks":3,"minecraft:wall_torch":1,"supplementaries:urn":1,"minecraft:seagrass":2,"minecraft:coarse_dirt":7,"minecraft:spruce_log":2,"minecraft:birch_leaves":1,"minecraft:grass":10,"minecraft:coal_ore":21,"minecraft:oak_log":15,"minecraft:dirt":8,"minecraft:sandstone_wall":1,"minecraft:cobweb":1,"minecraft:gold_ore":5,"minecraft:oak_leaves":5,"minecraft:deepslate":6,"minecraft:fern":3},"minecraft:crafted":{"minecraft:oak_planks":44,"minecraft:furnace":3,"minecraft:diamond_leggings":1,"minecraft:stone_pickaxe":1,"minecraft:cooked_beef":15,"minecraft:cooked_cod":4,"minecraft:diamond_sword":1,"sophisticatedbackpacks:backpack":1,"minecraft:cooked_porkchop":2,"quark:stick_block":1,"minecraft:crafting_table":4,"minecraft:wooden_pickaxe":1,"minecraft:iron_helmet":1,"minecraft:iron_sword":1,"minecraft:air":0,"minecraft:iron_chestplate":1,"minecraft:shield":1,"minecraft:stick":37,"quark:oak_chest":1,"minecraft:iron_ingot":22,"minecraft:iron_pickaxe":2,"minecraft:wooden_axe":1,"minecraft:white_bed":1,"minecraft:diamond_chestplate":1},"minecraft:killed_by":{"enemyexpansion:trollenraged":1,"minecraft:creeper":1,"minecraft:spider":1,"takesapillage:skirmisher":1,"minecraft:skeleton":1},"minecraft:picked_up":{"minecraft:crafting_table":7,"minecraft:iron_chestplate":2,"minecraft:coarse_dirt":5,"minecraft:chicken":3,"minecraft:diamond_sword":1,"minecraft:gold_block":2,"minecraft:enchanted_book":1,"minecraft:string":7,"minecraft:sticky_piston":3,"minecraft:cobbled_deepslate":44,"minecraft:beef":13,"minecraft:spruce_slab":19,"minecraft:quartz_stairs":2,"minecraft:furnace":2,"minecraft:egg":2,"minecraft:raw_iron":76,"minecraft:stick":1,"minecraft:torch":2,"minecraft:porkchop":8,"minecraft:sandstone_wall":1,"minecraft:cookie":5,"tombstone:grave_dust":7,"minecraft:arrow":31,"artifacts:lucky_scarf":1,"minecraft:rotten_flesh":15,"minecraft:saddle":2,"tombstone:essence_of_undeath":1,"minecraft:white_wool":3,"minecraft:cobblestone":85,"minecraft:magma_block":1,"minecraft:feather":12,"minecraft:cooked_beef":5,"minecraft:andesite":3,"minecraft:leather":10,"minecraft:chiseled_quartz_block":2,"minecraft:tuff":3,"minecraft:oak_log":14,"minecraft:gunpowder":14,"tombstone:voodoo_poppet":2,"minecraft:dirt":21,"minecraft:cooked_mutton":5,"minecraft:bone":25,"minecraft:bow":2,"alexsmobs:cockroach_wing_fragment":1,"minecraft:raw_gold":11,"minecraft:cooked_chicken":3,"minecraft:oak_planks":7,"minecraft:iron_sword":1,"quark:stick_block":1,"minecraft:white_bed":1,"minecraft:spruce_log":2,"minecraft:spider_eye":1,"minecraft:bundle":1,"minecraft:diamond":12,"minecraft:emerald":2,"tombstone:magic_scroll":1,"minecraft:coal":21},"minecraft:killed":{"takesapillage:legioner":2,"minecraft:spider":5,"enemyexpansion:direwolf":3,"minecraft:skeleton":20,"minecraft:chicken":3,"artifacts:mimic":1,"minecraft:pig":5,"alexsmobs:grizzly_bear":1,"earthmobsmod:cream_cow":3,"minecraft:creeper":1,"alexsmobs:cockroach":1,"minecraft:zombie":11,"minecraft:cow":5,"enemyexpansion:slugger":2}},"DataVersion":3465}