{"stats":{"minecraft:custom":{"minecraft:interact_with_furnace":55,"minecraft:mob_kills":11,"minecraft:interact_with_crafting_table":9,"minecraft:open_barrel":2,"minecraft:damage_dealt_resisted":8,"minecraft:leave_game":2,"minecraft:time_since_death":642,"minecraft:time_since_rest":1,"minecraft:sprint_one_cm":112918,"minecraft:damage_taken":1577,"minecraft:walk_one_cm":88991,"minecraft:drop":6,"minecraft:damage_dealt":1734,"minecraft:swim_one_cm":2621,"minecraft:fly_one_cm":125305,"minecraft:crouch_one_cm":1303,"minecraft:play_time":36897,"tombstone:undead_killed":1,"minecraft:deaths":4,"minecraft:sneak_time":1076,"minecraft:walk_under_water_one_cm":3383,"minecraft:jump":605,"minecraft:walk_on_water_one_cm":17255,"minecraft:total_world_time":36897,"minecraft:fall_one_cm":14564},"minecraft:dropped":{"minecraft:rotten_flesh":2,"minecraft:gunpowder":2,"minecraft:torch":13,"minecraft:wooden_axe":1,"minecraft:iron_pickaxe":1},"minecraft:used":{"minecraft:stone_pickaxe":55,"minecraft:wooden_pickaxe":18,"minecraft:iron_sword":29,"minecraft:iron_chestplate":1,"minecraft:crafting_table":4,"minecraft:wooden_axe":31,"minecraft:iron_pickaxe":44,"minecraft:cobblestone":17,"minecraft:furnace":3,"minecraft:cooked_porkchop":2,"tombstone:gift":2,"minecraft:cooked_beef":3},"minecraft:mined":{"minecraft:crafting_table":3,"minecraft:grass_block":1,"minecraft:cobblestone":6,"minecraft:furnace":2,"minecraft:iron_ore":48,"minecraft:andesite":3,"minecraft:grass":4,"minecraft:oak_log":15,"minecraft:coal_ore":21,"minecraft:stone":35,"minecraft:oak_leaves":2},"minecraft:crafted":{"minecraft:cooked_beef":2,"minecraft:oak_planks":24,"minecraft:cooked_porkchop":2,"minecraft:crafting_table":1,"minecraft:wooden_pickaxe":1,"minecraft:iron_helmet":1,"minecraft:iron_sword":1,"minecraft:furnace":2,"minecraft:air":0,"minecraft:iron_chestplate":1,"minecraft:shield":1,"minecraft:stick":12,"minecraft:iron_ingot":22,"minecraft:iron_pickaxe":2,"minecraft:stone_pickaxe":1,"minecraft:wooden_axe":1},"minecraft:killed_by":{"enemyexpansion:trollenraged":1,"minecraft:creeper":1},"minecraft:picked_up":{"minecraft:crafting_table":3,"minecraft:feather":4,"minecraft:cooked_beef":5,"minecraft:chicken":3,"minecraft:andesite":3,"minecraft:oak_log":14,"minecraft:gunpowder":4,"minecraft:string":2,"minecraft:dirt":17,"minecraft:cobbled_deepslate":7,"minecraft:cooked_chicken":3,"minecraft:oak_planks":1,"minecraft:furnace":1,"minecraft:stick":1,"minecraft:raw_iron":48,"minecraft:torch":1,"minecraft:porkchop":8,"minecraft:spider_eye":1,"minecraft:rotten_flesh":4,"minecraft:coal":21,"minecraft:white_wool":3,"minecraft:cobblestone":42},"minecraft:killed":{"minecraft:pig":4,"minecraft:spider":1,"enemyexpansion:direwolf":1,"minecraft:creeper":1,"minecraft:zombie":1,"minecraft:chicken":2}},"DataVersion":3465}