{"stats":{"minecraft:dropped":{"minecraft:iron_ingot":7,"minecraft:iron_sword":2,"minecraft:wheat_seeds":19,"minecraft:cooked_beef":4,"minecraft:oak_log":1,"minecraft:glass_bottle":2,"minecraft:diamond_leggings":1,"minecraft:iron_helmet":1,"minecraft:feather":13,"minecraft:rooted_dirt":1,"minecraft:leather":9,"minecraft:apple":7,"minecraft:saddle":2,"minecraft:chainmail_helmet":1,"minecraft:cod":6,"minecraft:item_frame":1,"minecraft:stick":31,"minecraft:gold_block":6,"minecraft:dirt":26,"iceandfire:armor_red_helmet":1,"iceandfire:copper_nugget":42,"minecraft:torch":14,"minecraft:wooden_axe":1,"tombstone:grave_dust":6,"minecraft:iron_pickaxe":2,"minecraft:fermented_spider_eye":2,"minecraft:string":6,"tombstone:voodoo_poppet":2,"iceandfire:dragonscales_bronze":1,"minecraft:gold_ingot":1,"iceandfire:dragonbone":3,"minecraft:bone":29,"iceandfire:silver_nugget":30,"iceandfire:armor_red_chestplate":1,"minecraft:stone_axe":1,"minecraft:iron_nugget":4,"minecraft:chiseled_quartz_block":2,"alexsmobs:animal_dictionary":1,"minecraft:cobbled_deepslate":8,"minecraft:tuff":3,"minecraft:sticky_piston":2,"minecraft:chicken":3,"minecraft:rotten_flesh":30,"minecraft:oak_planks":6,"minecraft:iron_boots":1,"minecraft:carrot":2,"minecraft:sandstone_wall":1,"minecraft:diamond_sword":1,"supplementaries:ash":1,"minecraft:hay_block":1,"minecraft:gunpowder":14,"minecraft:diamond_chestplate":1,"minecraft:bundle":1,"minecraft:iron_chestplate":3,"minecraft:andesite":3,"minecraft:quartz_stairs":3,"earthmobsmod:fancy_feather":2,"minecraft:oak_sapling":3,"artifacts:eternal_steak":1,"minecraft:spider_eye":2,"minecraft:bow":1,"minecraft:stone_pickaxe":1,"minecraft:beef":5,"minecraft:wooden_pickaxe":1,"minecraft:magma_block":1,"minecraft:egg":2},"minecraft:mined":{"alexscaves:spelunkery_table":1,"minecraft:diamond_ore":1,"minecraft:tuff":17,"minecraft:white_bed":3,"iceandfire:silver_ore":1,"minecraft:quartz_stairs":2,"minecraft:mossy_cobblestone":7,"minecraft:deepslate_diamond_ore":14,"iceandfire:copper_pile":6,"minecraft:brewing_stand":2,"minecraft:lever":1,"minecraft:grass_block":4,"minecraft:spruce_leaves":9,"minecraft:rooted_dirt":17,"minecraft:spawner":1,"minecraft:large_fern":1,"minecraft:magma_block":1,"minecraft:furnace":3,"minecraft:iron_ore":57,"minecraft:sticky_piston":2,"minecraft:fire":3,"minecraft:cobbled_deepslate":6,"quark:stick_block":1,"minecraft:andesite":3,"minecraft:gold_block":4,"minecraft:dirt_path":2,"iceandfire:gold_pile":30,"minecraft:deepslate_iron_ore":39,"minecraft:warped_button":1,"minecraft:stone":81,"minecraft:spruce_slab":5,"minecraft:brown_mushroom":1,"minecraft:powder_snow":4,"minecraft:chiseled_quartz_block":2,"minecraft:torch":1,"minecraft:crafting_table":9,"minecraft:tall_grass":7,"minecraft:cobblestone":15,"minecraft:deepslate_gold_ore":2,"minecraft:oak_planks":3,"minecraft:diorite":6,"minecraft:iron_door":1,"minecraft:wall_torch":2,"minecraft:seagrass":2,"supplementaries:urn":5,"minecraft:birch_planks":10,"minecraft:coarse_dirt":8,"minecraft:beehive":1,"minecraft:spruce_log":2,"minecraft:birch_leaves":1,"minecraft:grass":12,"minecraft:coal_ore":21,"minecraft:oak_log":15,"iceandfire:silver_pile":9,"minecraft:dirt":12,"minecraft:sandstone_wall":1,"minecraft:cobweb":1,"minecraft:gold_ore":5,"minecraft:deepslate":43,"minecraft:oak_leaves":6,"minecraft:fern":6},"minecraft:broken":{"minecraft:iron_helmet":1},"minecraft:used":{"minecraft:spruce_slab":13,"minecraft:spruce_planks":18,"minecraft:shield":48,"minecraft:iron_sword":240,"minecraft:quartz_stairs":1,"minecraft:cooked_chicken":3,"minecraft:iron_chestplate":4,"minecraft:tuff":9,"iceandfire:armor_red_boots":1,"minecraft:wooden_axe":31,"minecraft:iron_helmet":1,"minecraft:iron_boots":1,"minecraft:diamond_chestplate":3,"minecraft:bow":26,"minecraft:sweet_berries":19,"minecraft:cooked_cod":4,"minecraft:furnace":5,"quark:stick_block":1,"tombstone:gift":8,"minecraft:gold_block":2,"minecraft:cooked_beef":16,"minecraft:cobbled_deepslate":42,"iceandfire:armor_red_helmet":1,"minecraft:cooked_mutton":5,"minecraft:birch_planks":1,"minecraft:oak_planks":2,"minecraft:stone_pickaxe":55,"minecraft:wooden_pickaxe":52,"artifacts:eternal_steak":22,"minecraft:golden_apple":1,"minecraft:glow_berries":11,"minecraft:crafting_table":13,"alexscaves:cave_book":2,"minecraft:white_bed":3,"minecraft:cod":1,"iceandfire:armor_bronze_chestplate":1,"minecraft:sticky_piston":1,"minecraft:lever":1,"minecraft:bread":3,"minecraft:iron_pickaxe":308,"minecraft:stone_axe":1,"minecraft:diamond_sword":464,"iceandfire:dragon_skull_fire":1,"minecraft:cobblestone":54,"minecraft:cooked_porkchop":3,"alexsmobs:animal_dictionary":1,"minecraft:coarse_dirt":1,"minecraft:experience_bottle":1},"minecraft:crafted":{"artifacts:eternal_steak":1,"minecraft:oak_planks":48,"minecraft:furnace":3,"minecraft:diamond_leggings":1,"iceandfire:armor_red_leggings":1,"minecraft:stone_pickaxe":1,"iceandfire:armor_bronze_chestplate":1,"iceandfire:armor_red_boots":1,"sophisticatedbackpacks:iron_backpack":1,"minecraft:cooked_beef":15,"minecraft:cooked_cod":4,"minecraft:diamond_sword":1,"sophisticatedbackpacks:backpack":1,"minecraft:cooked_porkchop":10,"quark:stick_block":1,"minecraft:crafting_table":5,"minecraft:wooden_pickaxe":2,"minecraft:iron_helmet":1,"minecraft:iron_sword":1,"iceandfire:armor_red_chestplate":1,"sophisticatedbackpacks:gold_backpack":1,"minecraft:gold_block":7,"minecraft:air":0,"iceandfire:armor_red_helmet":2,"minecraft:iron_chestplate":1,"minecraft:shield":2,"minecraft:stick":45,"quark:oak_chest":1,"minecraft:iron_ingot":22,"minecraft:iron_pickaxe":2,"minecraft:wooden_axe":1,"minecraft:gold_ingot":55,"minecraft:white_bed":1,"minecraft:diamond_chestplate":1},"minecraft:picked_up":{"minecraft:coarse_dirt":6,"minecraft:iron_chestplate":2,"minecraft:crafting_table":8,"minecraft:chicken":6,"minecraft:diamond_sword":3,"minecraft:gold_block":7,"minecraft:enchanted_book":1,"minecraft:brewing_stand":2,"iceandfire:manuscript":4,"minecraft:string":10,"minecraft:sticky_piston":3,"minecraft:item_frame":1,"minecraft:experience_bottle":1,"minecraft:gold_nugget":303,"minecraft:cobbled_deepslate":96,"minecraft:spruce_planks":64,"minecraft:beef":18,"minecraft:iron_nugget":4,"minecraft:iron_pickaxe":1,"minecraft:spruce_slab":19,"minecraft:quartz_stairs":4,"iceandfire:dragonscales_red":32,"minecraft:furnace":2,"minecraft:egg":2,"minecraft:raw_iron":111,"minecraft:stick":10,"iceandfire:dragonbone":7,"minecraft:torch":5,"minecraft:porkchop":8,"minecraft:sandstone_wall":1,"minecraft:cookie":5,"tombstone:grave_dust":7,"minecraft:carrot":2,"artifacts:everlasting_beef":1,"minecraft:arrow":38,"iceandfire:cyclops_eye":1,"artifacts:lucky_scarf":1,"minecraft:rotten_flesh":30,"minecraft:hay_block":1,"alexscaves:spelunkery_table":1,"iceandfire:fire_dragon_heart":1,"minecraft:saddle":2,"tombstone:essence_of_undeath":1,"minecraft:skeleton_skull":1,"minecraft:white_wool":3,"minecraft:cod":4,"minecraft:cobblestone":94,"minecraft:magma_block":1,"minecraft:feather":17,"minecraft:cooked_beef":5,"artifacts:eternal_steak":1,"minecraft:andesite":3,"minecraft:leather":17,"minecraft:birch_planks":10,"minecraft:chiseled_quartz_block":2,"minecraft:tuff":20,"minecraft:oak_log":16,"minecraft:gunpowder":18,"tombstone:voodoo_poppet":2,"artifacts:pickaxe_heater":1,"minecraft:dirt":26,"iceandfire:dragonscales_bronze":12,"tombstone:gift":1,"minecraft:cooked_mutton":5,"minecraft:bone":31,"minecraft:bow":5,"minecraft:wheat_seeds":18,"minecraft:raw_gold":11,"alexsmobs:cockroach_wing_fragment":1,"earthmobsmod:fancy_feather":2,"minecraft:cooked_chicken":3,"minecraft:glass_bottle":2,"minecraft:oak_planks":7,"minecraft:iron_sword":1,"quark:stick_block":1,"iceandfire:copper_nugget":42,"minecraft:cooked_porkchop":2,"minecraft:sweet_berries":14,"iceandfire:dragon_skull_fire":2,"minecraft:white_bed":2,"minecraft:spruce_log":2,"minecraft:fermented_spider_eye":2,"minecraft:spider_eye":2,"minecraft:bundle":2,"minecraft:diamond":22,"minecraft:stone_axe":1,"minecraft:lever":1,"minecraft:chainmail_helmet":1,"minecraft:emerald":3,"minecraft:rooted_dirt":1,"tombstone:magic_scroll":3,"minecraft:oak_sapling":2,"iceandfire:silver_nugget":30,"minecraft:coal":21},"minecraft:custom":{"minecraft:mob_kills":114,"minecraft:interact_with_crafting_table":62,"minecraft:open_barrel":19,"minecraft:damage_dealt_resisted":8,"minecraft:leave_game":6,"minecraft:time_since_death":12919,"minecraft:climb_one_cm":40859,"minecraft:sprint_one_cm":894545,"minecraft:walk_one_cm":738360,"minecraft:damage_blocked_by_shield":1465,"minecraft:drop":115,"minecraft:talked_to_villager":1,"minecraft:play_time":280152,"minecraft:sneak_time":11428,"minecraft:deaths":22,"minecraft:walk_under_water_one_cm":63842,"minecraft:interact_with_brewingstand":2,"minecraft:jump":6566,"minecraft:walk_on_water_one_cm":67711,"minecraft:total_world_time":280152,"minecraft:interact_with_furnace":72,"tombstone:raider_killed":6,"minecraft:interact_with_loom":4,"minecraft:sleep_in_bed":5,"minecraft:time_since_rest":11331,"minecraft:damage_absorbed":43,"minecraft:damage_taken":9952,"minecraft:damage_dealt":29191,"minecraft:swim_one_cm":74450,"minecraft:fly_one_cm":1280318,"minecraft:open_chest":50,"minecraft:crouch_one_cm":19610,"tombstone:undead_killed":55,"minecraft:fall_one_cm":172309},"minecraft:killed":{"illagerinvasion:archivist":1,"enemyexpansion:intruder":1,"takesapillage:legioner":2,"minecraft:vindicator":1,"minecraft:spider":7,"enemyexpansion:direwolf":5,"illagerinvasion:basher":1,"minecraft:skeleton":27,"iceandfire:fire_dragon":2,"minecraft:chicken":7,"earthmobsmod:fancy_chicken":1,"minecraft:silverfish":1,"enemyexpansion:vampflyer":1,"artifacts:mimic":2,"minecraft:pig":5,"alexsmobs:grizzly_bear":2,"iceandfire:troll":1,"earthmobsmod:cream_cow":3,"illagerinvasion:alchemist":1,"minecraft:creeper":3,"alexsmobs:cockroach":1,"minecraft:zombie":24,"enemyexpansion:huntsman":1,"minecraft:cow":7,"enemyexpansion:slugger":2},"minecraft:killed_by":{"minecraft:player":1,"enemyexpansion:trollenraged":1,"iceandfire:cyclops":6,"minecraft:creeper":1,"minecraft:spider":1,"takesapillage:skirmisher":1,"minecraft:skeleton":1,"iceandfire:fire_dragon":6,"enemyexpansion:invisicreeper":1}},"DataVersion":3465}