{"stats":{"minecraft:custom":{"minecraft:time_since_rest":4141,"minecraft:sprint_one_cm":34573,"minecraft:damage_taken":755,"minecraft:walk_one_cm":30567,"minecraft:mob_kills":7,"minecraft:damage_dealt":886,"minecraft:swim_one_cm":2621,"minecraft:interact_with_crafting_table":3,"minecraft:fly_one_cm":73062,"minecraft:crouch_one_cm":314,"minecraft:play_time":11576,"minecraft:deaths":2,"minecraft:sneak_time":158,"minecraft:walk_under_water_one_cm":498,"minecraft:jump":302,"minecraft:walk_on_water_one_cm":6866,"minecraft:time_since_death":5598,"minecraft:total_world_time":11576,"minecraft:fall_one_cm":7686},"minecraft:used":{"minecraft:wooden_axe":31,"minecraft:stone_pickaxe":18,"minecraft:wooden_pickaxe":18,"minecraft:crafting_table":3,"tombstone:gift":2},"minecraft:mined":{"minecraft:iron_ore":1,"minecraft:crafting_table":3,"minecraft:grass":2,"minecraft:coal_ore":6,"minecraft:grass_block":1,"minecraft:oak_log":15,"minecraft:stone":27,"minecraft:oak_leaves":2},"minecraft:crafted":{"minecraft:oak_planks":16,"minecraft:crafting_table":1,"minecraft:stick":8,"minecraft:wooden_pickaxe":1,"minecraft:stone_pickaxe":1,"minecraft:wooden_axe":1},"minecraft:killed_by":{"minecraft:creeper":1},"minecraft:picked_up":{"minecraft:stick":1,"minecraft:crafting_table":3,"minecraft:raw_iron":1,"minecraft:feather":4,"minecraft:chicken":3,"minecraft:porkchop":8,"minecraft:oak_log":14,"minecraft:gunpowder":2,"minecraft:dirt":17,"minecraft:coal":6,"minecraft:cobblestone":26},"minecraft:killed":{"minecraft:pig":4,"minecraft:chicken":2,"minecraft:creeper":1}},"DataVersion":3465}