{"stats":{"minecraft:custom":{"minecraft:mob_kills":87,"minecraft:interact_with_crafting_table":35,"minecraft:open_barrel":14,"minecraft:damage_dealt_resisted":8,"minecraft:leave_game":5,"minecraft:time_since_death":23177,"minecraft:climb_one_cm":40046,"minecraft:sprint_one_cm":555653,"minecraft:walk_one_cm":442733,"minecraft:damage_blocked_by_shield":1345,"minecraft:drop":68,"minecraft:play_time":187236,"minecraft:sneak_time":8869,"minecraft:deaths":9,"minecraft:walk_under_water_one_cm":60111,"minecraft:jump":3401,"minecraft:interact_with_brewingstand":2,"minecraft:walk_on_water_one_cm":49207,"minecraft:total_world_time":187236,"minecraft:interact_with_furnace":67,"tombstone:raider_killed":6,"minecraft:sleep_in_bed":4,"minecraft:time_since_rest":14024,"minecraft:damage_taken":5130,"minecraft:damage_dealt":18246,"minecraft:swim_one_cm":73784,"minecraft:fly_one_cm":768085,"minecraft:open_chest":15,"minecraft:crouch_one_cm":13845,"tombstone:undead_killed":44,"minecraft:fall_one_cm":78243},"minecraft:mined":{"minecraft:white_bed":3,"iceandfire:silver_ore":1,"minecraft:quartz_stairs":2,"minecraft:mossy_cobblestone":7,"minecraft:deepslate_diamond_ore":8,"minecraft:brewing_stand":2,"minecraft:lever":1,"minecraft:grass_block":4,"minecraft:spruce_leaves":8,"minecraft:rooted_dirt":17,"minecraft:spawner":1,"minecraft:large_fern":1,"minecraft:magma_block":1,"minecraft:furnace":3,"minecraft:cobbled_deepslate":6,"minecraft:iron_ore":57,"minecraft:sticky_piston":2,"minecraft:fire":1,"quark:stick_block":1,"minecraft:andesite":3,"minecraft:gold_block":2,"minecraft:deepslate_iron_ore":15,"minecraft:stone":81,"minecraft:spruce_slab":5,"minecraft:brown_mushroom":1,"minecraft:chiseled_quartz_block":2,"minecraft:crafting_table":8,"minecraft:cobblestone":15,"minecraft:deepslate_gold_ore":2,"minecraft:oak_planks":3,"minecraft:diorite":6,"minecraft:iron_door":1,"minecraft:wall_torch":1,"supplementaries:urn":1,"minecraft:seagrass":2,"minecraft:coarse_dirt":8,"minecraft:spruce_log":2,"minecraft:birch_leaves":1,"minecraft:grass":11,"minecraft:oak_log":15,"minecraft:coal_ore":21,"minecraft:dirt":12,"minecraft:sandstone_wall":1,"minecraft:cobweb":1,"minecraft:gold_ore":5,"minecraft:oak_leaves":5,"minecraft:deepslate":6,"minecraft:fern":6},"minecraft:crafted":{"artifacts:eternal_steak":1,"minecraft:oak_planks":44,"minecraft:furnace":3,"minecraft:diamond_leggings":1,"minecraft:stone_pickaxe":1,"minecraft:cooked_beef":15,"minecraft:cooked_cod":4,"minecraft:diamond_sword":1,"sophisticatedbackpacks:backpack":1,"minecraft:cooked_porkchop":2,"quark:stick_block":1,"minecraft:crafting_table":4,"minecraft:wooden_pickaxe":1,"minecraft:iron_helmet":1,"minecraft:iron_sword":1,"minecraft:air":0,"minecraft:iron_chestplate":1,"minecraft:shield":1,"minecraft:stick":37,"quark:oak_chest":1,"minecraft:iron_ingot":22,"minecraft:iron_pickaxe":2,"minecraft:wooden_axe":1,"minecraft:gold_ingot":18,"minecraft:white_bed":1,"minecraft:diamond_chestplate":1},"minecraft:picked_up":{"minecraft:crafting_table":7,"minecraft:iron_chestplate":2,"minecraft:coarse_dirt":6,"minecraft:chicken":4,"minecraft:diamond_sword":2,"minecraft:gold_block":2,"minecraft:enchanted_book":1,"minecraft:brewing_stand":2,"minecraft:string":9,"minecraft:sticky_piston":3,"minecraft:cobbled_deepslate":44,"minecraft:beef":18,"minecraft:iron_nugget":4,"minecraft:spruce_slab":19,"minecraft:quartz_stairs":4,"minecraft:furnace":2,"minecraft:egg":2,"minecraft:stick":5,"minecraft:raw_iron":76,"minecraft:torch":2,"minecraft:sandstone_wall":1,"minecraft:porkchop":8,"tombstone:grave_dust":7,"minecraft:cookie":5,"artifacts:everlasting_beef":1,"minecraft:arrow":31,"artifacts:lucky_scarf":1,"minecraft:rotten_flesh":27,"minecraft:saddle":2,"tombstone:essence_of_undeath":1,"minecraft:white_wool":3,"minecraft:cobblestone":94,"minecraft:magma_block":1,"minecraft:feather":13,"minecraft:cooked_beef":5,"artifacts:eternal_steak":1,"minecraft:andesite":3,"minecraft:leather":13,"minecraft:chiseled_quartz_block":2,"minecraft:tuff":3,"minecraft:oak_log":14,"minecraft:gunpowder":14,"tombstone:voodoo_poppet":2,"minecraft:dirt":23,"minecraft:cooked_mutton":5,"minecraft:bone":27,"minecraft:bow":2,"minecraft:raw_gold":11,"alexsmobs:cockroach_wing_fragment":1,"minecraft:cooked_chicken":3,"minecraft:glass_bottle":2,"minecraft:iron_sword":1,"minecraft:oak_planks":7,"quark:stick_block":1,"minecraft:sweet_berries":14,"minecraft:white_bed":2,"minecraft:spruce_log":2,"minecraft:fermented_spider_eye":2,"minecraft:spider_eye":1,"minecraft:bundle":2,"minecraft:diamond":12,"minecraft:stone_axe":1,"minecraft:lever":1,"minecraft:emerald":3,"minecraft:rooted_dirt":1,"tombstone:magic_scroll":1,"minecraft:coal":21},"minecraft:killed_by":{"minecraft:player":1,"enemyexpansion:trollenraged":1,"minecraft:creeper":1,"minecraft:spider":1,"takesapillage:skirmisher":1,"minecraft:skeleton":1,"enemyexpansion:invisicreeper":1},"minecraft:dropped":{"minecraft:iron_sword":2,"minecraft:cooked_beef":4,"minecraft:glass_bottle":2,"minecraft:feather":13,"minecraft:rooted_dirt":1,"minecraft:leather":9,"minecraft:saddle":2,"minecraft:stick":21,"minecraft:dirt":23,"minecraft:torch":14,"minecraft:wooden_axe":1,"tombstone:grave_dust":6,"minecraft:iron_pickaxe":1,"minecraft:fermented_spider_eye":2,"minecraft:string":1,"tombstone:voodoo_poppet":2,"minecraft:bone":27,"minecraft:iron_nugget":4,"minecraft:cobbled_deepslate":8,"minecraft:chiseled_quartz_block":2,"alexsmobs:animal_dictionary":1,"minecraft:tuff":3,"minecraft:chicken":1,"minecraft:rotten_flesh":27,"minecraft:oak_planks":4,"minecraft:sandstone_wall":1,"minecraft:diamond_sword":1,"minecraft:gunpowder":14,"minecraft:iron_chestplate":2,"minecraft:andesite":3,"minecraft:quartz_stairs":3,"artifacts:eternal_steak":1,"minecraft:spider_eye":1,"minecraft:bow":1,"minecraft:wooden_pickaxe":1,"minecraft:stone_pickaxe":1,"minecraft:beef":5,"minecraft:magma_block":1,"minecraft:egg":2},"minecraft:killed":{"illagerinvasion:archivist":1,"takesapillage:legioner":2,"minecraft:spider":6,"minecraft:vindicator":1,"enemyexpansion:direwolf":3,"illagerinvasion:basher":1,"minecraft:skeleton":22,"minecraft:chicken":7,"artifacts:mimic":1,"minecraft:pig":5,"alexsmobs:grizzly_bear":1,"earthmobsmod:cream_cow":3,"illagerinvasion:alchemist":1,"minecraft:creeper":1,"minecraft:zombie":20,"alexsmobs:cockroach":1,"minecraft:cow":7,"enemyexpansion:slugger":2},"minecraft:broken":{"minecraft:iron_helmet":1},"minecraft:used":{"minecraft:spruce_slab":13,"minecraft:shield":22,"minecraft:iron_sword":240,"minecraft:quartz_stairs":1,"minecraft:cooked_chicken":3,"minecraft:iron_chestplate":1,"minecraft:wooden_axe":31,"minecraft:sweet_berries":19,"minecraft:furnace":5,"minecraft:cooked_cod":4,"quark:stick_block":1,"tombstone:gift":4,"minecraft:cooked_beef":16,"minecraft:cobbled_deepslate":36,"minecraft:cooked_mutton":5,"minecraft:stone_pickaxe":55,"minecraft:oak_planks":2,"minecraft:wooden_pickaxe":18,"artifacts:eternal_steak":3,"minecraft:glow_berries":11,"minecraft:crafting_table":11,"minecraft:white_bed":3,"minecraft:cod":1,"minecraft:lever":1,"minecraft:bread":3,"minecraft:iron_pickaxe":201,"minecraft:diamond_sword":240,"minecraft:cobblestone":53,"minecraft:cooked_porkchop":2,"alexsmobs:animal_dictionary":1,"minecraft:coarse_dirt":1}},"DataVersion":3465}