{"stats":{"minecraft:killed_by":{"iceandfire:cyclops":6,"minecraft:creeper":1,"iceandfire:fire_dragon":6,"enemyexpansion:invisicreeper":1,"minecraft:player":1,"enemyexpansion:trollenraged":2,"minecraft:spider":1,"takesapillage:skirmisher":1,"minecraft:skeleton":1},"minecraft:mined":{"minecraft:white_bed":3,"iceandfire:copper_pile":6,"minecraft:brewing_stand":2,"minecraft:grass_block":6,"minecraft:spawner":1,"minecraft:magma_block":1,"minecraft:cobbled_deepslate":9,"minecraft:iron_ore":62,"minecraft:sticky_piston":2,"minecraft:fire":4,"quark:stick_block":1,"iceandfire:gold_pile":30,"minecraft:dirt_path":2,"minecraft:warped_button":1,"minecraft:spruce_slab":5,"minecraft:brown_mushroom":1,"minecraft:powder_snow":4,"minecraft:chiseled_quartz_block":2,"minecraft:torch":1,"minecraft:cobblestone":15,"minecraft:oak_planks":4,"minecraft:iron_door":1,"minecraft:wall_torch":2,"minecraft:seagrass":2,"minecraft:tnt":1,"minecraft:grass":12,"minecraft:oak_log":15,"minecraft:dirt":15,"minecraft:sandstone_wall":1,"minecraft:oak_leaves":6,"minecraft:deepslate":75,"alexscaves:spelunkery_table":1,"minecraft:diamond_ore":1,"minecraft:tuff":17,"iceandfire:silver_ore":1,"minecraft:quartz_stairs":2,"minecraft:mossy_cobblestone":7,"minecraft:deepslate_diamond_ore":22,"minecraft:lever":1,"minecraft:spruce_leaves":9,"minecraft:rooted_dirt":17,"minecraft:large_fern":1,"minecraft:hay_block":11,"minecraft:furnace":3,"minecraft:andesite":3,"minecraft:gold_block":4,"minecraft:bookshelf":1,"minecraft:deepslate_iron_ore":39,"minecraft:vine":1,"minecraft:stone":105,"minecraft:crafting_table":9,"minecraft:tall_grass":7,"minecraft:deepslate_gold_ore":2,"minecraft:diorite":6,"supplementaries:urn":9,"minecraft:birch_planks":10,"minecraft:coarse_dirt":8,"minecraft:beehive":1,"minecraft:spruce_log":2,"minecraft:birch_leaves":1,"minecraft:coal_ore":21,"iceandfire:silver_pile":9,"quark:monster_box":1,"minecraft:gravel":14,"minecraft:cobweb":4,"minecraft:gold_ore":5,"minecraft:fern":6},"minecraft:broken":{"minecraft:iron_helmet":1},"minecraft:killed":{"illagerinvasion:archivist":1,"minecraft:spider":9,"illagerinvasion:basher":1,"quark:forgotten":2,"minecraft:skeleton":33,"minecraft:chicken":7,"minecraft:silverfish":1,"enemyexpansion:vampflyer":3,"artifacts:mimic":4,"minecraft:pig":5,"alexsmobs:grizzly_bear":2,"earthmobsmod:lobber_zombie":2,"illagerinvasion:alchemist":1,"minecraft:creeper":4,"minecraft:zombie":32,"enemyexpansion:vampire":1,"minecraft:cow":7,"enemyexpansion:intruder":1,"takesapillage:legioner":2,"minecraft:vindicator":1,"enemyexpansion:direwolf":11,"enemyexpansion:faller":1,"iceandfire:fire_dragon":2,"earthmobsmod:fancy_chicken":1,"iceandfire:troll":1,"enemyexpansion:sprinter":4,"earthmobsmod:cream_cow":3,"earthmobsmod:wooly_cow":2,"alexsmobs:cockroach":1,"enemyexpansion:huntsman":3,"enemyexpansion:slugger":3},"minecraft:picked_up":{"minecraft:iron_chestplate":2,"minecraft:flower_pot":1,"minecraft:diamond_sword":6,"alexscaves:cave_tablet":8,"minecraft:enchanted_book":1,"tombstone:grave_key":1,"minecraft:brewing_stand":2,"iceandfire:manuscript":4,"minecraft:string":14,"minecraft:sticky_piston":3,"minecraft:experience_bottle":1,"minecraft:gold_nugget":303,"minecraft:cobbled_deepslate":140,"minecraft:spruce_planks":88,"minecraft:iron_pickaxe":2,"iceandfire:dragonscales_red":32,"minecraft:furnace":2,"minecraft:stick":10,"minecraft:torch":8,"minecraft:sandstone_wall":1,"minecraft:porkchop":8,"iceandfire:armor_bronze_chestplate":1,"tombstone:grave_dust":9,"minecraft:rotten_flesh":44,"artifacts:lucky_scarf":1,"iceandfire:fire_dragon_heart":1,"supplementaries:ash":6,"artifacts:panic_necklace":2,"minecraft:cod":4,"minecraft:cobblestone":134,"minecraft:magma_block":1,"minecraft:feather":17,"minecraft:cooked_beef":5,"minecraft:andesite":3,"minecraft:brown_wool":2,"minecraft:chiseled_quartz_block":2,"minecraft:flint":1,"minecraft:tuff":20,"artifacts:pickaxe_heater":1,"iceandfire:dragonscales_bronze":12,"minecraft:dirt":32,"minecraft:bone":39,"minecraft:bow":5,"minecraft:wheat_seeds":18,"minecraft:raw_gold":15,"minecraft:oak_planks":8,"minecraft:cooked_porkchop":2,"iceandfire:dragon_skull_fire":2,"minecraft:fermented_spider_eye":2,"minecraft:iron_hoe":1,"minecraft:bundle":3,"minecraft:diamond":32,"minecraft:lever":1,"minecraft:granite":1,"minecraft:emerald":3,"minecraft:chainmail_helmet":1,"minecraft:rooted_dirt":1,"minecraft:oak_sapling":2,"iceandfire:silver_nugget":30,"sophisticatedbackpacks:gold_backpack":1,"minecraft:coarse_dirt":6,"minecraft:crafting_table":8,"minecraft:chicken":6,"minecraft:gold_block":7,"minecraft:item_frame":1,"minecraft:beef":22,"iceandfire:armor_red_helmet":1,"minecraft:iron_nugget":4,"minecraft:spruce_slab":19,"minecraft:quartz_stairs":4,"minecraft:sugar_cane":2,"minecraft:egg":3,"minecraft:raw_iron":118,"iceandfire:dragonbone":8,"minecraft:cookie":5,"minecraft:carrot":2,"iceandfire:dragon_skull_ice":1,"artifacts:everlasting_beef":1,"minecraft:tnt":1,"minecraft:diamond_chestplate":1,"iceandfire:cyclops_eye":1,"minecraft:arrow":51,"artifacts:cowboy_hat":1,"minecraft:hay_block":12,"alexscaves:spelunkery_table":1,"minecraft:saddle":2,"tombstone:essence_of_undeath":1,"sophisticatedbackpacks:copper_backpack":1,"minecraft:white_wool":8,"minecraft:skeleton_skull":2,"minecraft:rail":1,"artifacts:eternal_steak":1,"minecraft:leather":17,"minecraft:birch_planks":10,"minecraft:oak_log":16,"minecraft:chainmail_chestplate":1,"minecraft:gunpowder":23,"tombstone:voodoo_poppet":2,"tombstone:gift":1,"quark:forgotten_hat":1,"minecraft:cooked_mutton":5,"alexsmobs:cockroach_wing_fragment":1,"earthmobsmod:fancy_feather":2,"minecraft:iron_ingot":23,"minecraft:cooked_chicken":3,"minecraft:glass_bottle":2,"minecraft:iron_sword":2,"minecraft:book":3,"quark:stick_block":1,"iceandfire:copper_nugget":42,"minecraft:sweet_berries":14,"minecraft:gravel":15,"minecraft:white_bed":2,"minecraft:spruce_log":2,"minecraft:spider_eye":2,"minecraft:stone_axe":1,"minecraft:iron_helmet":3,"tombstone:magic_scroll":3,"minecraft:coal":28},"minecraft:dropped":{"minecraft:iron_sword":3,"minecraft:cooked_beef":4,"minecraft:oak_log":1,"minecraft:glass_bottle":2,"minecraft:rooted_dirt":1,"minecraft:leather":9,"minecraft:saddle":2,"minecraft:rail":1,"minecraft:flint":1,"minecraft:cod":6,"minecraft:item_frame":1,"minecraft:gold_block":6,"minecraft:dirt":27,"minecraft:iron_pickaxe":4,"minecraft:fermented_spider_eye":2,"minecraft:white_wool":5,"artifacts:cowboy_hat":1,"minecraft:gold_ingot":1,"minecraft:bone":35,"minecraft:stone_axe":1,"minecraft:iron_nugget":4,"minecraft:cobbled_deepslate":8,"alexsmobs:animal_dictionary":1,"minecraft:rotten_flesh":37,"minecraft:oak_planks":6,"sophisticatedbackpacks:diamond_backpack":1,"minecraft:carrot":2,"minecraft:chainmail_chestplate":1,"minecraft:sandstone_wall":1,"supplementaries:ash":1,"minecraft:gunpowder":18,"artifacts:panic_necklace":2,"minecraft:beef":5,"minecraft:egg":2,"minecraft:iron_ingot":7,"minecraft:wheat_seeds":19,"minecraft:diamond_leggings":1,"minecraft:cobblestone":14,"minecraft:feather":13,"minecraft:iron_helmet":4,"minecraft:book":3,"minecraft:apple":7,"minecraft:granite":1,"minecraft:chainmail_helmet":1,"minecraft:stick":31,"iceandfire:armor_red_helmet":1,"iceandfire:copper_nugget":42,"minecraft:torch":14,"tombstone:grave_key":1,"minecraft:wooden_axe":1,"tombstone:grave_dust":8,"minecraft:string":8,"tombstone:voodoo_poppet":2,"iceandfire:dragonscales_bronze":1,"iceandfire:dragonbone":3,"iceandfire:silver_nugget":30,"iceandfire:armor_red_chestplate":1,"minecraft:chiseled_quartz_block":2,"minecraft:tuff":3,"minecraft:sticky_piston":2,"minecraft:chicken":3,"minecraft:iron_boots":1,"minecraft:iron_hoe":1,"minecraft:diamond_sword":1,"minecraft:hay_block":1,"minecraft:flower_pot":1,"minecraft:diamond_chestplate":2,"minecraft:bundle":1,"minecraft:iron_chestplate":3,"minecraft:diamond_pickaxe":1,"minecraft:andesite":3,"minecraft:quartz_stairs":3,"earthmobsmod:fancy_feather":2,"minecraft:oak_sapling":3,"artifacts:eternal_steak":1,"minecraft:spider_eye":2,"minecraft:bow":1,"minecraft:stone_pickaxe":1,"minecraft:wooden_pickaxe":2,"minecraft:red_tulip":1,"minecraft:magma_block":1},"minecraft:custom":{"minecraft:interact_with_crafting_table":65,"minecraft:open_barrel":35,"minecraft:leave_game":7,"minecraft:time_since_death":14681,"minecraft:sprint_one_cm":1206867,"minecraft:damage_blocked_by_shield":2390,"minecraft:drop":145,"minecraft:talked_to_villager":1,"minecraft:play_time":353734,"minecraft:deaths":26,"minecraft:jump":8843,"minecraft:interact_with_brewingstand":2,"minecraft:walk_on_water_one_cm":79058,"minecraft:interact_with_furnace":72,"minecraft:interact_with_loom":6,"minecraft:sleep_in_bed":7,"minecraft:damage_dealt":40889,"minecraft:player_kills":1,"minecraft:crouch_one_cm":22412,"tombstone:undead_killed":83,"minecraft:mob_kills":167,"minecraft:damage_dealt_resisted":8,"minecraft:climb_one_cm":42751,"minecraft:walk_one_cm":969217,"minecraft:sneak_time":13938,"minecraft:walk_under_water_one_cm":68558,"minecraft:total_world_time":353734,"tombstone:raider_killed":6,"minecraft:time_since_rest":12282,"minecraft:damage_taken":12356,"minecraft:damage_absorbed":43,"minecraft:swim_one_cm":98925,"minecraft:fly_one_cm":1754458,"minecraft:open_chest":54,"minecraft:fall_one_cm":241212},"minecraft:used":{"minecraft:spruce_slab":13,"minecraft:shield":57,"minecraft:iron_sword":263,"minecraft:quartz_stairs":1,"minecraft:iron_chestplate":4,"minecraft:tuff":17,"iceandfire:armor_red_boots":1,"minecraft:iron_helmet":2,"minecraft:bow":30,"minecraft:sweet_berries":19,"minecraft:furnace":5,"minecraft:cooked_cod":4,"minecraft:gold_block":2,"iceandfire:armor_red_helmet":1,"minecraft:oak_planks":2,"minecraft:stone_pickaxe":55,"minecraft:wooden_pickaxe":52,"artifacts:eternal_steak":41,"minecraft:golden_apple":1,"minecraft:glow_berries":11,"alexscaves:cave_book":2,"minecraft:sticky_piston":1,"minecraft:lever":1,"minecraft:bread":3,"minecraft:brown_wool":2,"minecraft:gravel":2,"minecraft:diamond_sword":634,"iceandfire:dragon_skull_fire":1,"minecraft:coarse_dirt":1,"minecraft:experience_bottle":1,"minecraft:spruce_planks":22,"minecraft:cooked_chicken":3,"minecraft:torch":1,"minecraft:dirt":5,"minecraft:wooden_axe":31,"minecraft:iron_boots":1,"minecraft:diamond_chestplate":4,"minecraft:beef":4,"quark:stick_block":1,"tombstone:gift":8,"minecraft:cooked_beef":16,"minecraft:cobbled_deepslate":105,"minecraft:cooked_mutton":5,"minecraft:birch_planks":1,"minecraft:crafting_table":13,"minecraft:white_bed":3,"minecraft:cod":1,"iceandfire:armor_bronze_chestplate":1,"minecraft:diamond_pickaxe":42,"minecraft:iron_pickaxe":355,"minecraft:stone_axe":1,"minecraft:cobblestone":80,"minecraft:cooked_porkchop":3,"alexsmobs:animal_dictionary":1},"minecraft:crafted":{"minecraft:oak_planks":48,"minecraft:diamond_leggings":1,"sophisticatedbackpacks:backpack":1,"minecraft:cooked_porkchop":10,"quark:stick_block":1,"minecraft:crafting_table":5,"minecraft:wooden_pickaxe":2,"minecraft:iron_helmet":1,"iceandfire:armor_red_chestplate":1,"minecraft:gold_block":7,"minecraft:iron_chestplate":1,"minecraft:shield":2,"sophisticatedbackpacks:diamond_backpack":2,"quark:oak_chest":1,"minecraft:stick":45,"minecraft:iron_ingot":22,"minecraft:iron_pickaxe":2,"minecraft:gold_ingot":55,"artifacts:eternal_steak":1,"minecraft:furnace":3,"iceandfire:armor_red_leggings":1,"minecraft:stone_pickaxe":1,"iceandfire:armor_bronze_chestplate":1,"iceandfire:armor_red_boots":1,"sophisticatedbackpacks:iron_backpack":1,"minecraft:cooked_beef":15,"minecraft:cooked_cod":4,"minecraft:diamond_sword":1,"minecraft:iron_sword":1,"sophisticatedbackpacks:gold_backpack":1,"minecraft:air":0,"iceandfire:armor_red_helmet":2,"minecraft:wooden_axe":1,"minecraft:white_bed":1,"minecraft:diamond_chestplate":1}},"DataVersion":3465}