{"stats":{"minecraft:custom":{"minecraft:interact_with_smithing_table":1,"minecraft:interact_with_furnace":19,"minecraft:mob_kills":12,"minecraft:interact_with_crafting_table":14,"minecraft:open_barrel":1,"minecraft:interact_with_grindstone":1,"minecraft:leave_game":8,"minecraft:time_since_death":265,"minecraft:sleep_in_bed":2,"minecraft:time_since_rest":1,"minecraft:sprint_one_cm":162427,"minecraft:damage_taken":2860,"minecraft:walk_one_cm":78830,"tombstone:sneak_grave":2,"minecraft:damage_dealt":2015,"minecraft:swim_one_cm":36697,"minecraft:fly_one_cm":307996,"minecraft:open_chest":3,"minecraft:crouch_one_cm":12257,"minecraft:play_time":54867,"tombstone:undead_killed":5,"minecraft:deaths":6,"minecraft:sneak_time":3987,"minecraft:walk_under_water_one_cm":13670,"minecraft:jump":1537,"minecraft:walk_on_water_one_cm":31741,"minecraft:total_world_time":54867,"minecraft:fall_one_cm":55225},"minecraft:used":{"minecraft:cooked_mutton":3,"minecraft:green_bed":2,"minecraft:dirt":5,"minecraft:mutton":2,"minecraft:crafting_table":1,"minecraft:cod":1,"minecraft:granite":3,"minecraft:bread":2,"minecraft:iron_pickaxe":126,"minecraft:iron_axe":2,"tombstone:magic_scroll":5,"minecraft:stone_axe":75,"minecraft:cobblestone":24,"minecraft:sweet_berries":4,"minecraft:furnace":3,"minecraft:cooked_porkchop":2,"minecraft:andesite":10,"tombstone:gift":4,"alexsmobs:animal_dictionary":3,"minecraft:cooked_beef":2,"minecraft:cobbled_deepslate":2},"minecraft:mined":{"minecraft:deepslate_diamond_ore":1,"minecraft:clay":1,"minecraft:crafting_table":2,"minecraft:granite":3,"minecraft:grass_block":2,"minecraft:cobblestone":2,"minecraft:spruce_leaves":8,"minecraft:sugar_cane":1,"minecraft:oak_planks":12,"minecraft:furnace":4,"minecraft:iron_ore":21,"minecraft:wheat":9,"minecraft:sweet_berry_bush":1,"minecraft:spruce_log":6,"minecraft:andesite":11,"minecraft:grass":1,"minecraft:oak_log":17,"minecraft:deepslate_iron_ore":5,"minecraft:dirt":3,"minecraft:stone":38,"minecraft:gold_ore":9,"minecraft:deepslate":2,"minecraft:green_bed":2},"minecraft:crafted":{"minecraft:cooked_porkchop":5,"minecraft:iron_helmet":1,"minecraft:stone_axe":1,"minecraft:bread":2,"minecraft:air":0,"minecraft:iron_boots":1,"minecraft:iron_chestplate":1,"minecraft:charcoal":10,"minecraft:iron_axe":1,"minecraft:stick":4,"minecraft:iron_ingot":20},"minecraft:killed_by":{"minecraft:skeleton":1,"enemyexpansion:invisicreeper":2,"minecraft:illusioner":1},"minecraft:picked_up":{"minecraft:charcoal":5,"minecraft:crafting_table":2,"minecraft:wheat":8,"minecraft:cooked_beef":2,"minecraft:clay_ball":4,"minecraft:andesite":11,"minecraft:oak_log":17,"minecraft:gunpowder":2,"minecraft:dirt":6,"minecraft:cooked_mutton":3,"minecraft:bone":1,"minecraft:wheat_seeds":24,"minecraft:cobbled_deepslate":5,"minecraft:raw_gold":9,"minecraft:iron_pickaxe":1,"minecraft:sugar_cane":3,"minecraft:oak_planks":12,"minecraft:furnace":4,"minecraft:raw_iron":27,"minecraft:sweet_berries":2,"minecraft:oak_fence":2,"minecraft:green_bed":3,"minecraft:porkchop":5,"minecraft:spruce_sapling":2,"minecraft:spruce_log":6,"minecraft:diamond":1,"minecraft:granite":3,"minecraft:mutton":2,"minecraft:white_wool":1,"minecraft:rail":1,"minecraft:cobblestone":48},"minecraft:broken":{"minecraft:stone_axe":1},"minecraft:killed":{"minecraft:pig":2,"enemyexpansion:direwolf":3,"minecraft:sheep":1,"minecraft:skeleton":4,"minecraft:zombie":1}},"DataVersion":3465}