{"stats":{"minecraft:custom":{"minecraft:jump":41,"minecraft:time_since_rest":1014,"minecraft:damage_dealt":10,"minecraft:deaths":1,"minecraft:damage_taken":395,"minecraft:sprint_one_cm":3918,"minecraft:play_time":2661,"minecraft:walk_on_water_one_cm":10086,"minecraft:time_since_death":1548,"minecraft:walk_one_cm":720,"minecraft:sneak_time":13,"minecraft:total_world_time":2661,"minecraft:walk_under_water_one_cm":3600,"minecraft:mob_kills":1,"minecraft:swim_one_cm":4690,"minecraft:fall_one_cm":2923,"minecraft:fly_one_cm":10803},"minecraft:used":{"alexsmobs:animal_dictionary":3},"minecraft:picked_up":{"minecraft:cobblestone":8},"minecraft:killed_by":{"enemyexpansion:invisicreeper":1}},"DataVersion":3465}