{"stats":{"minecraft:custom":{"minecraft:time_since_rest":13501,"minecraft:interact_with_smithing_table":1,"minecraft:interact_with_furnace":2,"minecraft:sprint_one_cm":105352,"minecraft:damage_taken":1602,"minecraft:walk_one_cm":54053,"tombstone:sneak_grave":2,"minecraft:mob_kills":10,"minecraft:damage_dealt":1724,"minecraft:swim_one_cm":6027,"minecraft:interact_with_crafting_table":4,"minecraft:fly_one_cm":196425,"minecraft:open_barrel":1,"minecraft:crouch_one_cm":10788,"minecraft:play_time":35111,"tombstone:undead_killed":5,"minecraft:deaths":4,"minecraft:sneak_time":3498,"minecraft:walk_under_water_one_cm":11843,"minecraft:jump":1020,"minecraft:leave_game":4,"minecraft:time_since_death":14268,"minecraft:walk_on_water_one_cm":25479,"minecraft:total_world_time":35111,"minecraft:fall_one_cm":34572},"minecraft:used":{"minecraft:cooked_mutton":3,"minecraft:iron_pickaxe":93,"tombstone:magic_scroll":5,"minecraft:stone_axe":68,"minecraft:mutton":2,"minecraft:cobblestone":24,"minecraft:furnace":1,"tombstone:gift":4,"alexsmobs:animal_dictionary":3,"minecraft:andesite":10,"minecraft:cod":1,"minecraft:cooked_beef":2,"minecraft:cobbled_deepslate":2,"minecraft:granite":3},"minecraft:mined":{"minecraft:furnace":2,"minecraft:deepslate_diamond_ore":1,"minecraft:iron_ore":14,"minecraft:andesite":11,"minecraft:crafting_table":1,"minecraft:granite":3,"minecraft:grass":1,"minecraft:oak_log":12,"minecraft:deepslate_iron_ore":5,"minecraft:sugar_cane":1,"minecraft:cobblestone":2,"minecraft:stone":33,"minecraft:oak_planks":12,"minecraft:gold_ore":9,"minecraft:deepslate":2},"minecraft:crafted":{"minecraft:stick":4,"minecraft:stone_axe":1},"minecraft:killed_by":{"minecraft:skeleton":1,"enemyexpansion:invisicreeper":2},"minecraft:picked_up":{"minecraft:raw_iron":20,"minecraft:crafting_table":1,"minecraft:cooked_beef":2,"minecraft:andesite":11,"minecraft:oak_fence":2,"minecraft:green_bed":1,"minecraft:oak_log":12,"minecraft:gunpowder":2,"minecraft:cooked_mutton":3,"minecraft:bone":1,"minecraft:diamond":1,"minecraft:wheat_seeds":1,"minecraft:cobbled_deepslate":5,"minecraft:raw_gold":9,"minecraft:granite":3,"minecraft:iron_pickaxe":1,"minecraft:sugar_cane":3,"minecraft:mutton":2,"minecraft:oak_planks":12,"minecraft:white_wool":1,"minecraft:rail":1,"minecraft:cobblestone":43,"minecraft:furnace":2},"minecraft:killed":{"minecraft:sheep":1,"minecraft:skeleton":4,"minecraft:zombie":1,"enemyexpansion:direwolf":3}},"DataVersion":3465}