{"stats":{"minecraft:custom":{"minecraft:open_barrel":1,"minecraft:time_since_rest":1,"minecraft:interact_with_smithing_table":1,"minecraft:damage_taken":675,"minecraft:crouch_one_cm":7766,"minecraft:interact_with_furnace":1,"minecraft:sprint_one_cm":32434,"minecraft:play_time":12970,"minecraft:deaths":2,"minecraft:walk_one_cm":13537,"minecraft:sneak_time":2399,"minecraft:walk_under_water_one_cm":3600,"minecraft:mob_kills":1,"minecraft:jump":247,"minecraft:damage_dealt":131,"minecraft:leave_game":3,"minecraft:time_since_death":186,"minecraft:walk_on_water_one_cm":10904,"minecraft:total_world_time":12970,"minecraft:swim_one_cm":4690,"minecraft:interact_with_crafting_table":2,"minecraft:fall_one_cm":10382,"minecraft:fly_one_cm":62612},"minecraft:used":{"minecraft:cooked_mutton":1,"minecraft:cobblestone":24,"minecraft:iron_pickaxe":55,"minecraft:cod":1,"alexsmobs:animal_dictionary":3},"minecraft:mined":{"minecraft:granite":3,"minecraft:stone":29,"minecraft:andesite":9,"minecraft:oak_planks":12,"minecraft:gold_ore":2,"minecraft:deepslate":2},"minecraft:killed_by":{"enemyexpansion:invisicreeper":1},"minecraft:picked_up":{"minecraft:cooked_mutton":3,"minecraft:cooked_beef":2,"minecraft:andesite":9,"minecraft:green_bed":1,"minecraft:cobbled_deepslate":2,"minecraft:raw_gold":2,"minecraft:granite":3,"minecraft:iron_pickaxe":1,"minecraft:oak_planks":12,"minecraft:cobblestone":35}},"DataVersion":3465}