{"stats":{"minecraft:custom":{"minecraft:time_since_rest":1501,"minecraft:interact_with_smithing_table":1,"minecraft:interact_with_furnace":1,"minecraft:sprint_one_cm":74332,"minecraft:damage_taken":1506,"minecraft:walk_one_cm":36058,"tombstone:sneak_grave":2,"minecraft:mob_kills":9,"minecraft:damage_dealt":1644,"minecraft:swim_one_cm":6027,"minecraft:interact_with_crafting_table":4,"minecraft:fly_one_cm":132853,"minecraft:open_barrel":1,"minecraft:crouch_one_cm":10760,"minecraft:play_time":23111,"tombstone:undead_killed":5,"minecraft:deaths":4,"minecraft:sneak_time":3467,"minecraft:walk_under_water_one_cm":4550,"minecraft:jump":587,"minecraft:leave_game":4,"minecraft:time_since_death":2268,"minecraft:walk_on_water_one_cm":14053,"minecraft:total_world_time":23111,"minecraft:fall_one_cm":25619},"minecraft:used":{"minecraft:cooked_mutton":3,"minecraft:iron_pickaxe":91,"minecraft:stone_axe":54,"minecraft:cobblestone":24,"alexsmobs:animal_dictionary":3,"minecraft:andesite":5,"minecraft:cod":1,"minecraft:cooked_beef":1,"minecraft:cobbled_deepslate":2,"minecraft:granite":3},"minecraft:mined":{"minecraft:furnace":1,"minecraft:deepslate_diamond_ore":1,"minecraft:iron_ore":14,"minecraft:andesite":10,"minecraft:crafting_table":1,"minecraft:granite":3,"minecraft:deepslate_iron_ore":5,"minecraft:cobblestone":2,"minecraft:stone":33,"minecraft:oak_planks":12,"minecraft:gold_ore":9,"minecraft:deepslate":2},"minecraft:crafted":{"minecraft:stick":4,"minecraft:stone_axe":1},"minecraft:killed_by":{"minecraft:skeleton":1,"enemyexpansion:invisicreeper":2},"minecraft:picked_up":{"minecraft:raw_iron":20,"minecraft:crafting_table":1,"minecraft:cooked_beef":2,"minecraft:andesite":10,"minecraft:oak_fence":2,"minecraft:green_bed":1,"minecraft:gunpowder":2,"minecraft:cooked_mutton":3,"minecraft:bone":1,"minecraft:diamond":1,"minecraft:cobbled_deepslate":5,"minecraft:raw_gold":9,"minecraft:granite":3,"minecraft:iron_pickaxe":1,"minecraft:oak_planks":12,"minecraft:rail":1,"minecraft:cobblestone":43,"minecraft:furnace":1},"minecraft:killed":{"minecraft:skeleton":4,"minecraft:zombie":1,"enemyexpansion:direwolf":3}},"DataVersion":3465}