{"stats":{"minecraft:custom":{"minecraft:time_since_rest":5949,"minecraft:crouch_one_cm":47,"minecraft:play_time":5949,"minecraft:sprint_one_cm":10713,"minecraft:damage_taken":70,"minecraft:walk_one_cm":4953,"minecraft:sneak_time":213,"minecraft:walk_under_water_one_cm":1384,"minecraft:drop":1,"minecraft:jump":59,"minecraft:leave_game":2,"minecraft:time_since_death":5949,"minecraft:walk_on_water_one_cm":3304,"minecraft:total_world_time":5949,"minecraft:swim_one_cm":40121,"minecraft:fall_one_cm":2819,"minecraft:fly_one_cm":13261},"minecraft:picked_up":{"minecraft:sweet_berries":31,"minecraft:oak_log":6,"minecraft:spruce_sapling":1,"minecraft:spruce_log":4,"minecraft:dirt":1,"alexsmobs:animal_dictionary":1},"minecraft:used":{"alexsmobs:animal_dictionary":1},"minecraft:mined":{"minecraft:grass":1,"minecraft:grass_block":1,"minecraft:oak_log":6,"minecraft:sweet_berry_bush":12,"minecraft:spruce_leaves":3,"minecraft:spruce_log":4},"minecraft:dropped":{"alexsmobs:animal_dictionary":1},"minecraft:crafted":{"minecraft:oak_planks":24}},"DataVersion":3465}