{"stats":{"minecraft:custom":{"minecraft:open_chest":3,"minecraft:time_since_rest":16111,"minecraft:crouch_one_cm":737,"minecraft:play_time":16111,"minecraft:sprint_one_cm":76531,"minecraft:damage_taken":150,"minecraft:walk_one_cm":29644,"minecraft:sneak_time":437,"minecraft:walk_under_water_one_cm":2282,"minecraft:drop":1,"minecraft:jump":605,"minecraft:leave_game":2,"minecraft:time_since_death":16111,"minecraft:walk_on_water_one_cm":12047,"minecraft:total_world_time":16111,"minecraft:swim_one_cm":63735,"minecraft:fall_one_cm":22913,"minecraft:fly_one_cm":192944},"minecraft:picked_up":{"minecraft:book":12,"iceandfire:copper_nugget":14,"minecraft:sweet_berries":75,"minecraft:gold_nugget":18,"minecraft:torch":1,"minecraft:oak_log":6,"minecraft:spruce_sapling":1,"minecraft:spruce_log":11,"iceandfire:silver_nugget":10,"minecraft:dirt":2,"alexsmobs:animal_dictionary":1},"minecraft:used":{"minecraft:sweet_berries":46,"alexsmobs:animal_dictionary":1,"minecraft:golden_axe":4,"minecraft:spruce_sapling":1},"minecraft:mined":{"minecraft:grass":1,"iceandfire:silver_pile":3,"minecraft:bookshelf":4,"minecraft:grass_block":1,"minecraft:oak_log":6,"iceandfire:gold_pile":3,"minecraft:dirt":1,"iceandfire:copper_pile":2,"minecraft:sweet_berry_bush":33,"minecraft:spruce_leaves":4,"minecraft:spruce_log":11,"minecraft:fern":1},"minecraft:dropped":{"alexsmobs:animal_dictionary":1},"minecraft:crafted":{"minecraft:oak_planks":24,"minecraft:spruce_planks":44}},"DataVersion":3465}