{"stats":{"minecraft:mined":{"minecraft:crafting_table":2,"minecraft:granite":3,"minecraft:grass_block":2,"minecraft:furnace":2,"minecraft:iron_ore":41,"minecraft:grass":6,"minecraft:oak_log":8,"minecraft:coal_ore":21,"minecraft:gravel":5,"minecraft:stone":9,"minecraft:oak_leaves":8},"minecraft:custom":{"minecraft:interact_with_furnace":20,"minecraft:mob_kills":10,"minecraft:interact_with_crafting_table":11,"minecraft:leave_game":2,"minecraft:time_since_death":35103,"minecraft:time_since_rest":35103,"minecraft:sprint_one_cm":46614,"minecraft:walk_one_cm":85068,"minecraft:damage_taken":378,"minecraft:drop":3,"minecraft:damage_dealt":1434,"minecraft:swim_one_cm":23110,"minecraft:fly_one_cm":81310,"minecraft:open_chest":2,"minecraft:crouch_one_cm":7393,"minecraft:play_time":35103,"tombstone:undead_killed":1,"minecraft:sneak_time":1786,"minecraft:walk_under_water_one_cm":12999,"minecraft:boat_one_cm":174105,"minecraft:jump":698,"minecraft:walk_on_water_one_cm":27089,"minecraft:total_world_time":35103,"minecraft:fall_one_cm":16248},"minecraft:crafted":{"minecraft:cooked_beef":8,"minecraft:oak_planks":32,"minecraft:crafting_table":1,"minecraft:iron_helmet":1,"minecraft:iron_sword":1,"minecraft:furnace":1,"minecraft:air":0,"minecraft:oak_boat":1,"minecraft:iron_boots":1,"minecraft:iron_chestplate":1,"minecraft:shield":1,"minecraft:iron_axe":1,"minecraft:stick":16,"minecraft:iron_ingot":41,"minecraft:iron_pickaxe":1,"minecraft:stone_pickaxe":1,"minecraft:iron_leggings":1,"minecraft:torch":8},"minecraft:picked_up":{"minecraft:crafting_table":2,"minecraft:andesite":3,"minecraft:leather":3,"minecraft:flint":1,"minecraft:oak_log":8,"minecraft:gunpowder":2,"minecraft:dirt":7,"earthmobsmod:duck_egg":1,"minecraft:beef":8,"minecraft:oak_boat":1,"minecraft:furnace":2,"minecraft:raw_iron":41,"minecraft:gravel":3,"minecraft:porkchop":6,"minecraft:ink_sac":3,"minecraft:diorite":14,"enemyexpansion:trollface":1,"minecraft:granite":7,"tombstone:magic_scroll":1,"minecraft:coal":23,"minecraft:cobblestone":73},"minecraft:dropped":{"minecraft:ink_sac":3},"minecraft:killed":{"minecraft:pig":2,"earthmobsmod:cream_cow":3,"enemyexpansion:direwolf":1,"minecraft:creeper":1,"enemyexpansion:huntsman":1,"earthmobsmod:albino_cow":2},"minecraft:used":{"minecraft:diorite":14,"minecraft:stone_pickaxe":76,"minecraft:iron_sword":15,"minecraft:iron_chestplate":1,"minecraft:torch":2,"minecraft:dirt":5,"minecraft:crafting_table":2,"minecraft:granite":7,"earthmobsmod:duck_egg":1,"minecraft:iron_axe":38,"minecraft:iron_helmet":1,"minecraft:iron_boots":1,"minecraft:gravel":3,"minecraft:cobblestone":46,"minecraft:furnace":2,"minecraft:andesite":3,"minecraft:oak_boat":2,"minecraft:cooked_beef":3,"minecraft:iron_leggings":1}},"DataVersion":3465}