{"stats":{"minecraft:mined":{"minecraft:iron_ore":31,"minecraft:granite":3,"minecraft:grass":1,"minecraft:oak_log":4,"minecraft:coal_ore":13,"minecraft:gravel":5,"minecraft:stone":5,"minecraft:oak_leaves":2},"minecraft:used":{"earthmobsmod:duck_egg":1,"minecraft:diorite":14,"minecraft:stone_pickaxe":52,"minecraft:gravel":3,"minecraft:torch":2,"minecraft:dirt":5,"minecraft:cobblestone":26,"minecraft:crafting_table":1,"minecraft:furnace":1,"minecraft:andesite":3,"minecraft:cooked_beef":1,"minecraft:granite":7},"minecraft:crafted":{"minecraft:cooked_beef":3,"minecraft:oak_planks":16,"minecraft:iron_axe":1,"minecraft:crafting_table":1,"minecraft:stick":16,"minecraft:iron_ingot":13,"minecraft:iron_pickaxe":1,"minecraft:stone_pickaxe":1,"minecraft:furnace":1,"minecraft:torch":8,"minecraft:air":0},"minecraft:picked_up":{"minecraft:raw_iron":29,"minecraft:andesite":3,"minecraft:leather":1,"minecraft:gravel":3,"minecraft:flint":1,"minecraft:oak_log":4,"minecraft:diorite":14,"minecraft:dirt":5,"enemyexpansion:trollface":1,"earthmobsmod:duck_egg":1,"minecraft:beef":3,"minecraft:granite":7,"minecraft:coal":13,"minecraft:cobblestone":69},"minecraft:killed":{"earthmobsmod:albino_cow":2},"minecraft:custom":{"minecraft:time_since_rest":18314,"minecraft:interact_with_furnace":10,"minecraft:sprint_one_cm":24137,"minecraft:walk_one_cm":35733,"minecraft:damage_taken":80,"minecraft:mob_kills":2,"minecraft:damage_dealt":225,"minecraft:swim_one_cm":23110,"minecraft:interact_with_crafting_table":5,"minecraft:fly_one_cm":43741,"minecraft:crouch_one_cm":2239,"minecraft:play_time":18314,"minecraft:sneak_time":696,"minecraft:walk_under_water_one_cm":9156,"minecraft:jump":355,"minecraft:walk_on_water_one_cm":20127,"minecraft:time_since_death":18314,"minecraft:total_world_time":18314,"minecraft:fall_one_cm":8430}},"DataVersion":3465}