{"stats":{"minecraft:mined":{"minecraft:crafting_table":2,"minecraft:granite":3,"minecraft:grass_block":11,"minecraft:tall_grass":5,"minecraft:cobblestone":6,"minecraft:furnace":2,"minecraft:iron_ore":41,"minecraft:grass":18,"minecraft:oak_log":21,"minecraft:coal_ore":21,"minecraft:sunflower":1,"minecraft:gravel":5,"minecraft:sand":3,"minecraft:stone":12,"minecraft:oak_leaves":16},"minecraft:custom":{"minecraft:interact_with_furnace":24,"minecraft:mob_kills":26,"minecraft:interact_with_crafting_table":13,"minecraft:leave_game":3,"minecraft:time_since_death":12711,"minecraft:time_since_rest":10788,"minecraft:sprint_one_cm":122650,"minecraft:walk_one_cm":163845,"minecraft:damage_taken":418,"minecraft:drop":3,"minecraft:damage_dealt":2490,"minecraft:swim_one_cm":131372,"minecraft:fly_one_cm":191700,"minecraft:open_chest":2,"minecraft:crouch_one_cm":9167,"minecraft:play_time":48026,"tombstone:undead_killed":1,"minecraft:deaths":1,"minecraft:sneak_time":1973,"minecraft:walk_under_water_one_cm":21503,"minecraft:boat_one_cm":183555,"minecraft:jump":1219,"minecraft:walk_on_water_one_cm":35352,"minecraft:total_world_time":48026,"minecraft:fall_one_cm":25692},"minecraft:crafted":{"minecraft:cooked_beef":8,"minecraft:oak_planks":84,"minecraft:crafting_table":1,"minecraft:cooked_chicken":7,"minecraft:iron_helmet":1,"minecraft:iron_sword":1,"minecraft:furnace":1,"minecraft:bucket":1,"minecraft:air":0,"minecraft:flint_and_steel":1,"minecraft:oak_boat":1,"minecraft:iron_boots":1,"minecraft:iron_chestplate":1,"minecraft:shield":1,"minecraft:iron_axe":1,"minecraft:stick":16,"minecraft:iron_ingot":41,"minecraft:iron_pickaxe":1,"minecraft:stone_pickaxe":1,"minecraft:iron_leggings":1,"minecraft:white_bed":1,"minecraft:torch":8},"minecraft:picked_up":{"minecraft:crafting_table":2,"minecraft:chicken":8,"minecraft:andesite":3,"minecraft:brown_wool":1,"minecraft:leather":4,"earthmobsmod:fancy_egg":3,"minecraft:flint":1,"minecraft:oak_log":21,"minecraft:gunpowder":2,"minecraft:dirt":14,"earthmobsmod:duck_egg":1,"earthmobsmod:fancy_feather":7,"minecraft:beef":14,"minecraft:oak_boat":2,"minecraft:furnace":2,"minecraft:stick":1,"minecraft:raw_iron":41,"minecraft:gravel":3,"minecraft:porkchop":6,"minecraft:ink_sac":3,"minecraft:diorite":14,"enemyexpansion:trollface":1,"minecraft:granite":7,"tombstone:magic_scroll":1,"minecraft:oak_sapling":1,"minecraft:mutton":8,"minecraft:crimson_roots":1,"minecraft:coal":23,"minecraft:white_wool":5,"minecraft:cobblestone":81,"minecraft:sunflower":1},"minecraft:dropped":{"minecraft:ink_sac":3},"minecraft:killed":{"minecraft:pig":2,"earthmobsmod:cream_cow":3,"enemyexpansion:direwolf":1,"minecraft:creeper":1,"minecraft:sheep":5,"enemyexpansion:huntsman":1,"earthmobsmod:fancy_chicken":8,"earthmobsmod:albino_cow":5},"minecraft:used":{"minecraft:water_bucket":4,"minecraft:diorite":14,"minecraft:flint_and_steel":1,"minecraft:stone_pickaxe":76,"minecraft:iron_sword":28,"earthmobsmod:fancy_egg":3,"minecraft:iron_chestplate":1,"minecraft:torch":2,"minecraft:dirt":5,"minecraft:crafting_table":3,"minecraft:granite":7,"earthmobsmod:duck_egg":1,"minecraft:lava_bucket":15,"minecraft:iron_axe":84,"minecraft:iron_pickaxe":10,"minecraft:iron_helmet":1,"minecraft:iron_boots":1,"minecraft:gravel":3,"minecraft:cobblestone":65,"minecraft:furnace":3,"minecraft:bucket":20,"minecraft:andesite":3,"tombstone:gift":1,"minecraft:oak_boat":2,"minecraft:cooked_beef":4,"minecraft:iron_leggings":1}},"DataVersion":3465}