{"stats":{"minecraft:mined":{"minecraft:grass":1,"minecraft:oak_log":4,"minecraft:oak_leaves":2},"minecraft:used":{"earthmobsmod:duck_egg":1,"minecraft:diorite":14,"minecraft:dirt":5,"minecraft:andesite":3,"minecraft:granite":4},"minecraft:crafted":{"minecraft:oak_planks":16},"minecraft:picked_up":{"minecraft:andesite":3,"minecraft:leather":1,"earthmobsmod:duck_egg":1,"minecraft:beef":3,"minecraft:granite":4,"minecraft:oak_log":4,"minecraft:diorite":14,"minecraft:dirt":5,"minecraft:cobblestone":64},"minecraft:killed":{"earthmobsmod:albino_cow":2},"minecraft:custom":{"minecraft:time_since_rest":6314,"minecraft:crouch_one_cm":574,"minecraft:play_time":6314,"minecraft:interact_with_furnace":1,"minecraft:sprint_one_cm":21076,"minecraft:damage_taken":50,"minecraft:walk_one_cm":14350,"minecraft:sneak_time":239,"minecraft:walk_under_water_one_cm":2505,"minecraft:mob_kills":2,"minecraft:jump":196,"minecraft:damage_dealt":225,"minecraft:time_since_death":6314,"minecraft:walk_on_water_one_cm":2532,"minecraft:total_world_time":6314,"minecraft:swim_one_cm":22739,"minecraft:fall_one_cm":6178,"minecraft:fly_one_cm":40637}},"DataVersion":3465}