{"stats":{"minecraft:mined":{"minecraft:iron_ore":41,"minecraft:grass_block":2,"minecraft:granite":3,"minecraft:grass":1,"minecraft:oak_log":4,"minecraft:coal_ore":21,"minecraft:gravel":5,"minecraft:stone":9,"minecraft:oak_leaves":2},"minecraft:used":{"earthmobsmod:duck_egg":1,"minecraft:diorite":14,"minecraft:iron_axe":12,"minecraft:stone_pickaxe":74,"minecraft:iron_helmet":1,"minecraft:iron_boots":1,"minecraft:gravel":3,"minecraft:iron_chestplate":1,"minecraft:torch":2,"minecraft:dirt":5,"minecraft:cobblestone":46,"minecraft:crafting_table":1,"minecraft:furnace":1,"minecraft:andesite":3,"minecraft:cooked_beef":2,"minecraft:granite":7,"minecraft:iron_leggings":1},"minecraft:crafted":{"minecraft:cooked_beef":3,"minecraft:oak_planks":16,"minecraft:iron_boots":1,"minecraft:iron_chestplate":1,"minecraft:iron_axe":1,"minecraft:crafting_table":1,"minecraft:stick":16,"minecraft:iron_helmet":1,"minecraft:iron_ingot":36,"minecraft:iron_pickaxe":1,"minecraft:stone_pickaxe":1,"minecraft:iron_sword":1,"minecraft:iron_leggings":1,"minecraft:furnace":1,"minecraft:torch":8,"minecraft:air":0},"minecraft:picked_up":{"minecraft:raw_iron":41,"minecraft:andesite":3,"minecraft:leather":1,"minecraft:gravel":3,"minecraft:flint":1,"minecraft:oak_log":4,"minecraft:diorite":14,"minecraft:dirt":7,"enemyexpansion:trollface":1,"earthmobsmod:duck_egg":1,"minecraft:beef":3,"minecraft:granite":7,"minecraft:coal":20,"minecraft:cobblestone":73},"minecraft:killed":{"enemyexpansion:direwolf":1,"earthmobsmod:albino_cow":2},"minecraft:custom":{"minecraft:time_since_rest":24314,"minecraft:interact_with_furnace":17,"minecraft:sprint_one_cm":25631,"minecraft:walk_one_cm":50637,"minecraft:damage_taken":80,"minecraft:mob_kills":3,"minecraft:damage_dealt":385,"minecraft:swim_one_cm":23110,"minecraft:interact_with_crafting_table":9,"minecraft:fly_one_cm":45186,"minecraft:crouch_one_cm":5821,"minecraft:play_time":24314,"minecraft:sneak_time":1517,"minecraft:walk_under_water_one_cm":11352,"minecraft:jump":453,"minecraft:walk_on_water_one_cm":25363,"minecraft:time_since_death":24314,"minecraft:total_world_time":24314,"minecraft:fall_one_cm":9059}},"DataVersion":3465}