{"stats":{"minecraft:crafted":{"minecraft:oak_planks":16,"minecraft:cooked_porkchop":11,"minecraft:wooden_pickaxe":1,"minecraft:iron_helmet":1,"minecraft:furnace":1,"minecraft:bucket":1,"minecraft:stone_axe":1,"minecraft:air":0,"minecraft:iron_boots":1,"minecraft:iron_chestplate":1,"minecraft:shield":1,"minecraft:iron_axe":1,"minecraft:stick":12,"minecraft:iron_ingot":20,"minecraft:iron_pickaxe":1,"minecraft:stone_pickaxe":1,"minecraft:wooden_axe":1},"minecraft:custom":{"minecraft:interact_with_furnace":27,"minecraft:mob_kills":32,"minecraft:interact_with_crafting_table":16,"minecraft:open_barrel":4,"minecraft:damage_dealt_resisted":78,"minecraft:time_since_death":38116,"minecraft:time_since_rest":38116,"minecraft:sprint_one_cm":73961,"minecraft:damage_taken":1277,"minecraft:walk_one_cm":176647,"minecraft:damage_blocked_by_shield":855,"minecraft:drop":4,"minecraft:damage_dealt":5587,"minecraft:swim_one_cm":5857,"minecraft:fly_one_cm":84218,"minecraft:open_chest":2,"minecraft:crouch_one_cm":2852,"minecraft:play_time":38116,"tombstone:undead_killed":12,"minecraft:sneak_time":1509,"minecraft:walk_under_water_one_cm":588,"minecraft:jump":537,"minecraft:walk_on_water_one_cm":3904,"minecraft:total_world_time":38116,"minecraft:fall_one_cm":11395},"minecraft:mined":{"minecraft:smithing_table":1,"minecraft:deepslate_diamond_ore":8,"minecraft:crafting_table":10,"minecraft:calcite":3,"minecraft:chest":1,"minecraft:tall_grass":1,"minecraft:cobblestone":3,"minecraft:deepslate_coal_ore":1,"minecraft:deepslate_gold_ore":1,"minecraft:lapis_ore":8,"minecraft:oak_planks":12,"minecraft:wall_torch":1,"minecraft:amethyst_block":8,"supplementaries:urn":7,"minecraft:furnace":4,"minecraft:iron_ore":11,"minecraft:cobbled_deepslate":5,"minecraft:deepslate_lapis_ore":2,"minecraft:oak_log":4,"minecraft:coal_ore":21,"minecraft:deepslate_iron_ore":15,"minecraft:gravel":3,"minecraft:smooth_basalt":3,"minecraft:stone":31,"minecraft:oak_leaves":4,"minecraft:green_bed":1,"minecraft:deepslate":115},"minecraft:picked_up":{"minecraft:crafting_table":10,"minecraft:smithing_table":1,"minecraft:flint":1,"minecraft:oak_log":4,"supplementaries:flax_seeds":4,"minecraft:gunpowder":3,"minecraft:amethyst_block":8,"minecraft:lapis_lazuli":70,"minecraft:string":2,"minecraft:paper":3,"minecraft:iron_axe":1,"minecraft:bone":11,"minecraft:bow":1,"minecraft:cobbled_deepslate":119,"minecraft:iron_ingot":1,"minecraft:calcite":3,"minecraft:iron_pickaxe":1,"minecraft:chest":1,"minecraft:oak_planks":14,"minecraft:furnace":4,"minecraft:raw_iron":25,"minecraft:smooth_basalt":3,"minecraft:oak_fence":1,"minecraft:torch":1,"minecraft:green_bed":1,"minecraft:gravel":2,"minecraft:porkchop":3,"tombstone:grave_dust":3,"minecraft:spider_eye":3,"minecraft:bundle":1,"minecraft:iron_hoe":1,"minecraft:arrow":5,"minecraft:rotten_flesh":3,"minecraft:diamond":8,"artifacts:crystal_heart":1,"minecraft:emerald":6,"supplementaries:ash":4,"minecraft:coal":104,"minecraft:cobblestone":33},"minecraft:dropped":{"supplementaries:ash":4,"minecraft:spider_eye":2,"minecraft:iron_pickaxe":1},"minecraft:killed":{"enemyexpansion:trollenraged":1,"minecraft:cave_spider":3,"minecraft:pig":1,"enemyexpansion:intruder":1,"enemyexpansion:sprinter":1,"enemyexpansion:direwolf":2,"minecraft:skeleton":5,"minecraft:zombie":4,"enemyexpansion:vampire":1,"minecraft:chicken":1,"enemyexpansion:botfly":4,"artifacts:mimic":1,"enemyexpansion:vampflyer":1},"minecraft:used":{"minecraft:stone_pickaxe":60,"minecraft:wooden_pickaxe":8,"minecraft:shield":14,"minecraft:diamond_axe":18,"minecraft:iron_chestplate":1,"minecraft:torch":8,"minecraft:glow_berries":4,"minecraft:crafting_table":9,"minecraft:wooden_axe":14,"minecraft:lava_bucket":9,"minecraft:iron_axe":23,"minecraft:bread":3,"minecraft:iron_pickaxe":178,"minecraft:iron_helmet":1,"minecraft:iron_boots":1,"minecraft:stone_axe":50,"minecraft:cobblestone":19,"minecraft:cooked_porkchop":11,"minecraft:furnace":4,"minecraft:porkchop":3,"minecraft:bucket":10,"minecraft:cobbled_deepslate":24}},"DataVersion":3465}