{"stats":{"minecraft:mined":{"minecraft:crafting_table":9,"minecraft:tall_grass":1,"minecraft:cobblestone":3,"minecraft:deepslate_coal_ore":1,"minecraft:lapis_ore":8,"minecraft:oak_planks":12,"minecraft:wall_torch":1,"supplementaries:urn":6,"minecraft:furnace":3,"minecraft:iron_ore":11,"minecraft:deepslate_lapis_ore":2,"minecraft:oak_log":4,"minecraft:coal_ore":21,"minecraft:deepslate_iron_ore":9,"minecraft:stone":31,"minecraft:oak_leaves":4,"minecraft:deepslate":4},"minecraft:crafted":{"minecraft:oak_planks":16,"minecraft:cooked_porkchop":11,"minecraft:wooden_pickaxe":1,"minecraft:furnace":1,"minecraft:bucket":1,"minecraft:stone_axe":1,"minecraft:air":0,"minecraft:iron_boots":1,"minecraft:iron_chestplate":1,"minecraft:shield":1,"minecraft:iron_axe":1,"minecraft:stick":12,"minecraft:iron_ingot":19,"minecraft:iron_pickaxe":1,"minecraft:stone_pickaxe":1,"minecraft:wooden_axe":1},"minecraft:custom":{"minecraft:interact_with_furnace":22,"minecraft:mob_kills":26,"minecraft:interact_with_crafting_table":14,"minecraft:damage_dealt_resisted":78,"minecraft:time_since_death":26116,"minecraft:time_since_rest":26116,"minecraft:sprint_one_cm":50066,"minecraft:damage_taken":1065,"minecraft:walk_one_cm":127398,"minecraft:damage_blocked_by_shield":830,"minecraft:drop":1,"minecraft:damage_dealt":4067,"minecraft:swim_one_cm":5857,"minecraft:fly_one_cm":79573,"minecraft:crouch_one_cm":1869,"minecraft:play_time":26116,"tombstone:undead_killed":8,"minecraft:sneak_time":1012,"minecraft:walk_under_water_one_cm":588,"minecraft:jump":431,"minecraft:walk_on_water_one_cm":3904,"minecraft:total_world_time":26116,"minecraft:fall_one_cm":10371},"minecraft:picked_up":{"minecraft:crafting_table":9,"minecraft:oak_log":4,"supplementaries:flax_seeds":4,"minecraft:gunpowder":3,"minecraft:lapis_lazuli":70,"minecraft:iron_axe":1,"minecraft:bone":7,"minecraft:bow":1,"minecraft:cobbled_deepslate":5,"minecraft:oak_planks":14,"minecraft:furnace":3,"minecraft:raw_iron":19,"minecraft:oak_fence":1,"minecraft:torch":1,"minecraft:porkchop":3,"tombstone:grave_dust":2,"minecraft:spider_eye":1,"minecraft:iron_hoe":1,"minecraft:arrow":2,"minecraft:rotten_flesh":2,"minecraft:emerald":6,"supplementaries:ash":4,"minecraft:coal":87,"minecraft:cobblestone":33},"minecraft:dropped":{"supplementaries:ash":4},"minecraft:killed":{"enemyexpansion:trollenraged":1,"minecraft:cave_spider":2,"minecraft:pig":1,"enemyexpansion:intruder":1,"enemyexpansion:sprinter":1,"enemyexpansion:direwolf":2,"minecraft:skeleton":3,"minecraft:zombie":2,"enemyexpansion:vampire":1,"minecraft:chicken":1,"enemyexpansion:botfly":4,"enemyexpansion:vampflyer":1},"minecraft:used":{"minecraft:stone_pickaxe":60,"minecraft:wooden_pickaxe":8,"minecraft:shield":13,"minecraft:iron_chestplate":1,"minecraft:torch":2,"minecraft:glow_berries":4,"minecraft:crafting_table":8,"minecraft:wooden_axe":14,"minecraft:lava_bucket":8,"minecraft:iron_axe":23,"minecraft:iron_pickaxe":27,"minecraft:iron_boots":1,"minecraft:stone_axe":50,"minecraft:cobblestone":19,"minecraft:cooked_porkchop":10,"minecraft:furnace":3,"minecraft:porkchop":3,"minecraft:bucket":9}},"DataVersion":3465}