{"stats":{"minecraft:crafted":{"minecraft:oak_planks":8,"minecraft:cooked_porkchop":11,"minecraft:air":0},"minecraft:mined":{"minecraft:oak_log":2,"minecraft:oak_leaves":4,"minecraft:crafting_table":1},"minecraft:custom":{"minecraft:time_since_rest":2116,"minecraft:crouch_one_cm":256,"minecraft:play_time":2116,"minecraft:interact_with_furnace":1,"minecraft:sprint_one_cm":4992,"minecraft:damage_taken":30,"minecraft:walk_one_cm":3121,"minecraft:sneak_time":142,"minecraft:walk_under_water_one_cm":217,"minecraft:jump":62,"minecraft:damage_dealt":20,"minecraft:time_since_death":2116,"minecraft:walk_on_water_one_cm":794,"minecraft:total_world_time":2116,"minecraft:interact_with_crafting_table":1,"minecraft:swim_one_cm":1469,"minecraft:fall_one_cm":1045,"minecraft:fly_one_cm":16413},"minecraft:picked_up":{"minecraft:crafting_table":1,"minecraft:oak_log":2}},"DataVersion":3465}