{"stats":{"minecraft:custom":{"minecraft:mob_kills":67,"minecraft:interact_with_crafting_table":41,"minecraft:open_barrel":41,"minecraft:damage_dealt_resisted":78,"minecraft:leave_game":1,"minecraft:time_since_death":101728,"minecraft:climb_one_cm":2473,"minecraft:sprint_one_cm":201998,"minecraft:walk_one_cm":416696,"minecraft:damage_blocked_by_shield":1260,"minecraft:drop":106,"minecraft:talked_to_villager":5,"minecraft:play_time":101728,"minecraft:sneak_time":8814,"minecraft:walk_under_water_one_cm":7227,"minecraft:boat_one_cm":104355,"minecraft:jump":1657,"minecraft:interact_with_blast_furnace":1,"minecraft:walk_on_water_one_cm":13224,"minecraft:total_world_time":101728,"minecraft:interact_with_furnace":39,"minecraft:interact_with_cartography_table":1,"minecraft:sleep_in_bed":1,"minecraft:time_since_rest":31864,"minecraft:damage_taken":2756,"minecraft:damage_dealt":17623,"minecraft:swim_one_cm":34929,"minecraft:fly_one_cm":232807,"minecraft:crouch_one_cm":31367,"minecraft:open_chest":32,"tombstone:undead_killed":39,"minecraft:interact_with_smoker":2,"minecraft:inspect_dispenser":2,"minecraft:fall_one_cm":35782},"minecraft:crafted":{"minecraft:oak_planks":100,"minecraft:furnace":3,"minecraft:diamond_helmet":1,"minecraft:diamond_leggings":1,"minecraft:iron_boots":1,"minecraft:iron_axe":1,"minecraft:stone_pickaxe":1,"minecraft:diamond_boots":1,"iceandfire:armor_bronze_chestplate":1,"sophisticatedbackpacks:iron_backpack":1,"minecraft:wheat":18,"minecraft:diamond_sword":1,"sophisticatedbackpacks:backpack":1,"minecraft:cooked_porkchop":11,"iceandfire:armor_bronze_boots":1,"minecraft:wooden_pickaxe":1,"minecraft:iron_helmet":1,"sophisticatedbackpacks:gold_backpack":1,"minecraft:bucket":1,"minecraft:stone_axe":1,"minecraft:bread":6,"minecraft:air":0,"minecraft:oak_boat":1,"minecraft:iron_chestplate":1,"minecraft:diamond_pickaxe":1,"minecraft:shield":1,"sophisticatedbackpacks:diamond_backpack":1,"minecraft:stick":20,"minecraft:iron_ingot":24,"minecraft:iron_pickaxe":1,"minecraft:wooden_axe":1,"iceandfire:armor_bronze_leggings":1,"iceandfire:armor_bronze_helmet":1,"minecraft:diamond_chestplate":1},"minecraft:mined":{"minecraft:dark_oak_planks":15,"minecraft:yellow_terracotta":1,"minecraft:waxed_cut_copper_slab":1,"minecraft:tuff":22,"minecraft:spruce_planks":34,"minecraft:deepslate_diamond_ore":31,"minecraft:sculk_vein":4,"minecraft:budding_amethyst":1,"minecraft:granite":28,"minecraft:purple_terracotta":7,"minecraft:spruce_fence":2,"minecraft:grass_block":3,"minecraft:redstone_wire":10,"minecraft:moss_block":1,"minecraft:spawner":5,"minecraft:hay_block":3,"minecraft:furnace":7,"minecraft:iron_ore":43,"minecraft:fire":1,"minecraft:cobbled_deepslate":9,"minecraft:andesite":5,"minecraft:deepslate_lapis_ore":2,"minecraft:gold_block":1,"minecraft:polished_deepslate":1,"minecraft:bookshelf":68,"minecraft:deepslate_iron_ore":15,"minecraft:oak_stairs":2,"minecraft:stone":256,"minecraft:player_head":2,"minecraft:green_bed":3,"minecraft:smithing_table":1,"quark:oak_chest":1,"minecraft:orange_terracotta":1,"minecraft:oak_fence":8,"minecraft:crafting_table":15,"minecraft:blast_furnace":6,"minecraft:oak_wood":13,"minecraft:calcite":15,"minecraft:chest":1,"minecraft:campfire":1,"minecraft:mushroom_stem":21,"minecraft:tall_grass":2,"minecraft:cobblestone":4,"minecraft:deepslate_coal_ore":1,"minecraft:deepslate_gold_ore":1,"minecraft:lapis_ore":9,"placeablesmod:bread_full_block":2,"minecraft:oak_planks":13,"minecraft:iron_door":1,"minecraft:sculk":52,"minecraft:wall_torch":1,"minecraft:diorite":16,"minecraft:amethyst_block":12,"supplementaries:urn":9,"minecraft:red_terracotta":6,"minecraft:dark_prismarine_slab":1,"minecraft:spruce_log":1,"minecraft:cyan_carpet":5,"minecraft:birch_leaves":1,"minecraft:sand":11,"iceandfire:ash":2,"minecraft:tnt":1,"minecraft:grass":2,"minecraft:oak_log":16,"minecraft:coal_ore":21,"quark:monster_box":1,"minecraft:oak_fence_gate":2,"minecraft:gravel":4,"minecraft:dirt":6,"minecraft:gray_carpet":1,"minecraft:cobweb":36,"minecraft:smooth_basalt":9,"minecraft:stone_bricks":4,"minecraft:chipped_anvil":1,"minecraft:piston":1,"minecraft:oak_leaves":6,"minecraft:deepslate":276},"minecraft:picked_up":{"minecraft:charcoal":3,"minecraft:crafting_table":15,"minecraft:allium":2,"minecraft:ladder":3,"minecraft:smithing_table":1,"minecraft:oak_stairs":3,"minecraft:gold_block":1,"minecraft:amethyst_block":12,"minecraft:dark_oak_trapdoor":5,"minecraft:polished_deepslate":1,"minecraft:string":36,"minecraft:iron_axe":1,"minecraft:item_frame":1,"minecraft:experience_bottle":1,"minecraft:cyan_carpet":8,"minecraft:blue_orchid":2,"minecraft:cobbled_deepslate":284,"minecraft:spruce_planks":24,"minecraft:beef":3,"minecraft:player_head":2,"minecraft:calcite":15,"minecraft:iron_pickaxe":1,"minecraft:chest":1,"minecraft:piston":2,"minecraft:furnace":7,"minecraft:raw_iron":58,"iceandfire:dragonbone":12,"minecraft:oak_fence":4,"minecraft:torch":2,"minecraft:green_bed":3,"minecraft:spruce_fence":5,"minecraft:porkchop":3,"minecraft:stone_button":4,"tombstone:grave_dust":3,"minecraft:diorite":17,"minecraft:redstone":10,"minecraft:purple_terracotta":6,"minecraft:dark_oak_planks":13,"minecraft:tnt":1,"minecraft:arrow":21,"minecraft:rotten_flesh":16,"minecraft:hay_block":2,"iceandfire:fire_dragon_heart":1,"minecraft:black_banner":1,"minecraft:yellow_terracotta":1,"minecraft:bookshelf":19,"sophisticatedbackpacks:copper_backpack":1,"supplementaries:ash":4,"minecraft:cobblestone":233,"minecraft:andesite":7,"minecraft:leather":4,"minecraft:flint":1,"minecraft:tuff":22,"minecraft:oak_log":16,"supplementaries:flax_seeds":6,"minecraft:gunpowder":3,"iceandfire:dragonscales_bronze":42,"minecraft:lapis_lazuli":77,"minecraft:dirt":9,"minecraft:paper":3,"minecraft:white_banner":1,"minecraft:orange_terracotta":1,"minecraft:twisting_vines":1,"minecraft:bone":28,"minecraft:chipped_anvil":1,"minecraft:gray_carpet":3,"minecraft:stone_bricks":2,"minecraft:bow":2,"minecraft:wheat_seeds":5,"minecraft:iron_ingot":23,"minecraft:oak_fence_gate":2,"minecraft:iron_sword":1,"minecraft:oak_planks":15,"minecraft:acacia_sapling":2,"minecraft:book":141,"minecraft:smooth_basalt":9,"minecraft:red_terracotta":6,"iceandfire:ash":4,"minecraft:blast_furnace":6,"minecraft:gravel":3,"minecraft:sand":22,"minecraft:spruce_door":1,"quark:oak_chest":1,"minecraft:spider_eye":3,"artifacts:plastic_drinking_hat":1,"artifacts:helium_flamingo":1,"minecraft:bundle":2,"minecraft:iron_hoe":1,"minecraft:oak_wood":10,"minecraft:diamond":31,"artifacts:crystal_heart":1,"minecraft:painting":1,"minecraft:diamond_axe":1,"minecraft:granite":4,"minecraft:bread":2,"minecraft:emerald":6,"minecraft:coal":141},"minecraft:dropped":{"minecraft:purple_terracotta":6,"minecraft:iron_sword":1,"minecraft:piston":1,"minecraft:wheat_seeds":5,"minecraft:diamond_axe":1,"minecraft:oak_log":1,"minecraft:yellow_terracotta":1,"minecraft:oak_fence":4,"minecraft:iron_helmet":1,"minecraft:cobblestone":105,"minecraft:amethyst_block":12,"minecraft:granite":4,"minecraft:spruce_door":1,"minecraft:black_banner":1,"minecraft:rail":1,"minecraft:item_frame":1,"minecraft:stick":1,"minecraft:flint":1,"minecraft:dirt":9,"minecraft:stone_button":4,"minecraft:diorite":17,"minecraft:dark_oak_trapdoor":5,"minecraft:wooden_axe":1,"tombstone:grave_dust":3,"minecraft:oak_stairs":3,"minecraft:white_banner":1,"iceandfire:ash":4,"minecraft:sand":11,"minecraft:iron_axe":1,"minecraft:iron_pickaxe":2,"minecraft:paper":3,"minecraft:string":2,"minecraft:polished_deepslate":1,"minecraft:gray_carpet":3,"minecraft:cyan_carpet":6,"minecraft:smooth_basalt":9,"minecraft:bone":8,"minecraft:redstone":10,"minecraft:gravel":3,"minecraft:stone_axe":1,"alexsmobs:animal_dictionary":1,"minecraft:cobbled_deepslate":224,"minecraft:twisting_vines":1,"minecraft:tuff":22,"minecraft:rotten_flesh":4,"minecraft:iron_boots":1,"minecraft:iron_hoe":1,"minecraft:spruce_fence":5,"minecraft:red_terracotta":6,"minecraft:filled_map":1,"minecraft:oak_fence_gate":2,"supplementaries:flax_seeds":6,"supplementaries:ash":4,"minecraft:painting":1,"minecraft:arrow":1,"minecraft:gunpowder":3,"aether:iron_gloves":1,"minecraft:allium":2,"minecraft:orange_terracotta":1,"minecraft:bundle":2,"minecraft:iron_chestplate":1,"minecraft:charcoal":1,"minecraft:andesite":7,"minecraft:acacia_sapling":2,"minecraft:ladder":3,"minecraft:spider_eye":3,"minecraft:stone_bricks":2,"sophisticatedbackpacks:copper_backpack":1,"minecraft:slime_ball":6,"minecraft:bow":1,"minecraft:blue_orchid":2,"minecraft:wooden_pickaxe":1,"minecraft:stone_pickaxe":1,"minecraft:calcite":15},"minecraft:killed":{"enemyexpansion:trollenraged":1,"minecraft:cave_spider":3,"enemyexpansion:intruder":1,"enemyexpansion:direwolf":5,"minecraft:skeleton":15,"iceandfire:fire_dragon":1,"minecraft:chicken":1,"enemyexpansion:vampflyer":1,"artifacts:mimic":3,"minecraft:husk":8,"minecraft:pig":1,"enemyexpansion:sprinter":1,"minecraft:zombie":12,"enemyexpansion:vampire":1,"enemyexpansion:botfly":4,"minecraft:cow":1,"enemyexpansion:slugger":1},"minecraft:used":{"minecraft:shield":36,"minecraft:rotten_flesh":8,"minecraft:iron_chestplate":1,"minecraft:torch":25,"minecraft:iron_hoe":56,"minecraft:wooden_axe":14,"minecraft:lava_bucket":14,"minecraft:iron_axe":23,"minecraft:iron_helmet":1,"minecraft:iron_boots":1,"supplementaries:bomb_blue":1,"minecraft:furnace":7,"tombstone:gift":1,"minecraft:cobbled_deepslate":60,"minecraft:enchanted_golden_apple":1,"minecraft:water_bucket":16,"minecraft:iron_ore":9,"minecraft:baked_potato":10,"minecraft:stone_pickaxe":60,"minecraft:wooden_pickaxe":8,"minecraft:diamond_axe":257,"minecraft:green_bed":2,"minecraft:glow_berries":18,"minecraft:crafting_table":15,"supplementaries:bomb":4,"minecraft:piston":1,"minecraft:diamond_pickaxe":599,"minecraft:bread":17,"minecraft:iron_pickaxe":219,"tombstone:magic_scroll":2,"minecraft:stone_axe":50,"minecraft:diamond_sword":189,"minecraft:cobblestone":41,"minecraft:porkchop":3,"minecraft:cooked_porkchop":11,"minecraft:bucket":30,"minecraft:oak_boat":1,"minecraft:experience_bottle":1}},"DataVersion":3465}