{"stats":{"minecraft:custom":{"minecraft:mob_kills":41,"minecraft:interact_with_crafting_table":25,"minecraft:open_barrel":16,"minecraft:damage_dealt_resisted":78,"minecraft:time_since_death":62116,"minecraft:sprint_one_cm":95529,"minecraft:walk_one_cm":235368,"minecraft:damage_blocked_by_shield":1140,"minecraft:drop":23,"minecraft:talked_to_villager":1,"minecraft:play_time":62116,"minecraft:sneak_time":7214,"minecraft:walk_under_water_one_cm":4628,"minecraft:boat_one_cm":104355,"minecraft:jump":911,"minecraft:walk_on_water_one_cm":7134,"minecraft:total_world_time":62116,"minecraft:interact_with_furnace":32,"minecraft:interact_with_cartography_table":1,"minecraft:time_since_rest":62116,"minecraft:damage_taken":1645,"minecraft:damage_dealt":8137,"minecraft:swim_one_cm":22667,"minecraft:fly_one_cm":123593,"minecraft:open_chest":4,"minecraft:crouch_one_cm":23923,"tombstone:undead_killed":19,"minecraft:interact_with_smoker":1,"minecraft:fall_one_cm":18130},"minecraft:crafted":{"minecraft:oak_planks":60,"minecraft:furnace":1,"minecraft:diamond_helmet":1,"minecraft:diamond_leggings":1,"minecraft:iron_boots":1,"minecraft:iron_axe":1,"minecraft:stone_pickaxe":1,"minecraft:diamond_boots":1,"minecraft:cooked_porkchop":11,"minecraft:wooden_pickaxe":1,"minecraft:iron_helmet":1,"minecraft:bucket":1,"minecraft:stone_axe":1,"minecraft:air":0,"minecraft:oak_boat":1,"minecraft:iron_chestplate":1,"minecraft:diamond_pickaxe":1,"minecraft:shield":1,"minecraft:stick":16,"minecraft:iron_ingot":24,"minecraft:iron_pickaxe":1,"minecraft:wooden_axe":1,"minecraft:diamond_chestplate":1},"minecraft:mined":{"minecraft:tuff":22,"minecraft:deepslate_diamond_ore":31,"minecraft:sculk_vein":4,"minecraft:budding_amethyst":1,"minecraft:granite":28,"minecraft:furnace":5,"minecraft:iron_ore":34,"minecraft:cobbled_deepslate":9,"minecraft:andesite":4,"minecraft:deepslate_lapis_ore":2,"minecraft:deepslate_iron_ore":15,"minecraft:stone":239,"minecraft:green_bed":1,"minecraft:smithing_table":1,"minecraft:crafting_table":13,"minecraft:calcite":14,"minecraft:chest":1,"minecraft:campfire":1,"minecraft:tall_grass":1,"minecraft:cobblestone":3,"minecraft:deepslate_coal_ore":1,"minecraft:lapis_ore":9,"minecraft:deepslate_gold_ore":1,"minecraft:oak_planks":13,"minecraft:sculk":52,"minecraft:diorite":14,"minecraft:wall_torch":1,"minecraft:amethyst_block":12,"supplementaries:urn":9,"minecraft:coal_ore":21,"minecraft:oak_log":16,"quark:monster_box":1,"minecraft:gravel":4,"minecraft:dirt":5,"minecraft:smooth_basalt":9,"minecraft:oak_leaves":6,"minecraft:deepslate":276},"minecraft:picked_up":{"minecraft:charcoal":3,"minecraft:crafting_table":13,"minecraft:smithing_table":1,"minecraft:amethyst_block":12,"minecraft:string":2,"minecraft:iron_axe":1,"minecraft:cobbled_deepslate":284,"minecraft:calcite":14,"minecraft:iron_pickaxe":1,"minecraft:chest":1,"minecraft:furnace":5,"minecraft:raw_iron":46,"minecraft:oak_fence":1,"minecraft:torch":1,"minecraft:green_bed":1,"minecraft:porkchop":3,"tombstone:grave_dust":3,"minecraft:diorite":14,"minecraft:arrow":7,"minecraft:rotten_flesh":8,"supplementaries:ash":4,"minecraft:cobblestone":218,"minecraft:andesite":6,"minecraft:flint":1,"minecraft:tuff":22,"minecraft:oak_log":16,"supplementaries:flax_seeds":6,"minecraft:gunpowder":3,"minecraft:lapis_lazuli":77,"minecraft:dirt":5,"minecraft:paper":3,"minecraft:bone":18,"minecraft:bow":1,"minecraft:iron_ingot":1,"minecraft:oak_planks":15,"minecraft:smooth_basalt":9,"minecraft:gravel":3,"minecraft:spider_eye":3,"artifacts:plastic_drinking_hat":1,"minecraft:bundle":1,"artifacts:helium_flamingo":1,"minecraft:iron_hoe":1,"minecraft:diamond":31,"artifacts:crystal_heart":1,"minecraft:granite":4,"minecraft:emerald":6,"minecraft:coal":104},"minecraft:dropped":{"minecraft:cobblestone":66,"minecraft:granite":4,"minecraft:flint":1,"minecraft:dirt":5,"minecraft:diorite":14,"tombstone:grave_dust":1,"minecraft:iron_pickaxe":1,"minecraft:smooth_basalt":9,"minecraft:gravel":3,"minecraft:cobbled_deepslate":128,"minecraft:tuff":22,"supplementaries:flax_seeds":2,"supplementaries:ash":4,"minecraft:charcoal":1,"minecraft:andesite":6,"minecraft:spider_eye":3,"minecraft:calcite":14},"minecraft:killed":{"enemyexpansion:trollenraged":1,"minecraft:cave_spider":3,"enemyexpansion:intruder":1,"enemyexpansion:direwolf":2,"minecraft:skeleton":6,"minecraft:chicken":1,"enemyexpansion:vampflyer":1,"artifacts:mimic":3,"minecraft:pig":1,"enemyexpansion:sprinter":1,"minecraft:zombie":9,"enemyexpansion:vampire":1,"enemyexpansion:botfly":4,"enemyexpansion:slugger":1},"minecraft:used":{"minecraft:shield":33,"minecraft:rotten_flesh":4,"minecraft:iron_chestplate":1,"minecraft:torch":10,"minecraft:iron_hoe":56,"minecraft:wooden_axe":14,"minecraft:lava_bucket":14,"minecraft:iron_axe":23,"minecraft:iron_helmet":1,"minecraft:iron_boots":1,"minecraft:furnace":5,"tombstone:gift":1,"minecraft:cobbled_deepslate":60,"minecraft:enchanted_golden_apple":1,"minecraft:stone_pickaxe":60,"minecraft:wooden_pickaxe":8,"minecraft:diamond_axe":86,"minecraft:glow_berries":18,"minecraft:crafting_table":12,"minecraft:diamond_pickaxe":505,"minecraft:bread":3,"minecraft:iron_pickaxe":194,"minecraft:stone_axe":50,"minecraft:cobblestone":25,"minecraft:porkchop":3,"minecraft:cooked_porkchop":11,"minecraft:bucket":15,"minecraft:oak_boat":1}},"DataVersion":3465}