{"stats":{"minecraft:mined":{"minecraft:furnace":1,"minecraft:iron_ore":8,"minecraft:crafting_table":6,"minecraft:coal_ore":21,"minecraft:oak_log":4,"minecraft:tall_grass":1,"minecraft:deepslate_coal_ore":1,"minecraft:lapis_ore":8,"minecraft:stone":29,"minecraft:oak_planks":11,"minecraft:wall_torch":1,"minecraft:oak_leaves":4},"minecraft:crafted":{"minecraft:oak_planks":16,"minecraft:cooked_porkchop":11,"minecraft:shield":1,"minecraft:stick":8,"minecraft:iron_ingot":7,"minecraft:wooden_pickaxe":1,"minecraft:stone_pickaxe":1,"minecraft:wooden_axe":1,"minecraft:furnace":1,"minecraft:bucket":1,"minecraft:stone_axe":1,"minecraft:air":0},"minecraft:custom":{"minecraft:time_since_rest":14116,"minecraft:sprint_one_cm":29289,"minecraft:interact_with_furnace":11,"minecraft:damage_taken":375,"minecraft:walk_one_cm":52138,"minecraft:mob_kills":10,"minecraft:damage_dealt":1500,"minecraft:swim_one_cm":5857,"minecraft:interact_with_crafting_table":9,"minecraft:fly_one_cm":57506,"minecraft:crouch_one_cm":1105,"minecraft:play_time":14116,"tombstone:undead_killed":5,"minecraft:sneak_time":557,"minecraft:walk_under_water_one_cm":588,"minecraft:jump":285,"minecraft:walk_on_water_one_cm":3519,"minecraft:time_since_death":14116,"minecraft:total_world_time":14116,"minecraft:fall_one_cm":5922},"minecraft:picked_up":{"minecraft:raw_iron":8,"minecraft:crafting_table":6,"minecraft:torch":1,"minecraft:porkchop":3,"minecraft:oak_log":4,"tombstone:grave_dust":2,"minecraft:gunpowder":1,"minecraft:lapis_lazuli":58,"minecraft:bone":2,"minecraft:arrow":2,"minecraft:rotten_flesh":1,"minecraft:oak_planks":11,"minecraft:coal":44,"minecraft:cobblestone":29,"minecraft:furnace":1},"minecraft:killed":{"minecraft:skeleton":2,"minecraft:cave_spider":1,"minecraft:zombie":2,"minecraft:pig":1,"minecraft:chicken":1,"enemyexpansion:direwolf":2,"enemyexpansion:vampflyer":1},"minecraft:used":{"minecraft:wooden_axe":14,"minecraft:stone_pickaxe":60,"minecraft:wooden_pickaxe":8,"minecraft:torch":1,"minecraft:stone_axe":27,"minecraft:cobblestone":5,"minecraft:crafting_table":6,"minecraft:furnace":2,"minecraft:porkchop":1,"minecraft:cooked_porkchop":4}},"DataVersion":3465}