{"stats":{"minecraft:crafted":{"minecraft:oak_planks":16,"minecraft:cooked_porkchop":11,"minecraft:wooden_pickaxe":1,"minecraft:iron_helmet":1,"minecraft:furnace":1,"minecraft:bucket":1,"minecraft:stone_axe":1,"minecraft:air":0,"minecraft:diamond_leggings":1,"minecraft:diamond_pickaxe":1,"minecraft:iron_boots":1,"minecraft:iron_chestplate":1,"minecraft:shield":1,"minecraft:iron_axe":1,"minecraft:stick":16,"minecraft:iron_ingot":24,"minecraft:iron_pickaxe":1,"minecraft:stone_pickaxe":1,"minecraft:wooden_axe":1},"minecraft:custom":{"minecraft:interact_with_furnace":32,"minecraft:mob_kills":36,"minecraft:interact_with_cartography_table":1,"minecraft:interact_with_crafting_table":22,"minecraft:open_barrel":10,"minecraft:damage_dealt_resisted":78,"minecraft:time_since_death":44116,"minecraft:time_since_rest":44116,"minecraft:sprint_one_cm":75659,"minecraft:damage_taken":1470,"minecraft:walk_one_cm":192932,"minecraft:damage_blocked_by_shield":955,"minecraft:drop":4,"minecraft:damage_dealt":6756,"minecraft:swim_one_cm":5857,"minecraft:fly_one_cm":87278,"minecraft:open_chest":4,"minecraft:crouch_one_cm":6559,"minecraft:play_time":44116,"tombstone:undead_killed":15,"minecraft:sneak_time":2923,"minecraft:walk_under_water_one_cm":588,"minecraft:jump":592,"minecraft:walk_on_water_one_cm":3904,"minecraft:interact_with_smoker":1,"minecraft:total_world_time":44116,"minecraft:fall_one_cm":12672},"minecraft:mined":{"minecraft:smithing_table":1,"minecraft:deepslate_diamond_ore":13,"minecraft:sculk_vein":3,"minecraft:crafting_table":11,"minecraft:calcite":3,"minecraft:chest":1,"minecraft:campfire":1,"minecraft:tall_grass":1,"minecraft:cobblestone":3,"minecraft:deepslate_coal_ore":1,"minecraft:deepslate_gold_ore":1,"minecraft:lapis_ore":8,"minecraft:oak_planks":13,"minecraft:sculk":10,"minecraft:wall_torch":1,"minecraft:amethyst_block":9,"supplementaries:urn":8,"minecraft:furnace":5,"minecraft:iron_ore":11,"minecraft:cobbled_deepslate":8,"minecraft:deepslate_lapis_ore":2,"minecraft:oak_log":4,"minecraft:coal_ore":21,"minecraft:deepslate_iron_ore":15,"minecraft:gravel":3,"minecraft:smooth_basalt":3,"minecraft:stone":31,"minecraft:oak_leaves":4,"minecraft:green_bed":1,"minecraft:deepslate":141},"minecraft:picked_up":{"minecraft:charcoal":3,"minecraft:crafting_table":11,"minecraft:smithing_table":1,"minecraft:flint":1,"minecraft:oak_log":4,"supplementaries:flax_seeds":4,"minecraft:gunpowder":3,"minecraft:amethyst_block":9,"minecraft:lapis_lazuli":70,"minecraft:string":2,"minecraft:paper":3,"minecraft:iron_axe":1,"minecraft:bone":17,"minecraft:bow":1,"minecraft:cobbled_deepslate":147,"minecraft:iron_ingot":1,"minecraft:calcite":3,"minecraft:iron_pickaxe":1,"minecraft:chest":1,"minecraft:oak_planks":15,"minecraft:furnace":5,"minecraft:raw_iron":25,"minecraft:smooth_basalt":3,"minecraft:oak_fence":1,"minecraft:torch":1,"minecraft:green_bed":1,"minecraft:gravel":2,"minecraft:porkchop":3,"tombstone:grave_dust":3,"minecraft:spider_eye":3,"artifacts:plastic_drinking_hat":1,"minecraft:bundle":1,"minecraft:iron_hoe":1,"minecraft:arrow":5,"minecraft:rotten_flesh":4,"minecraft:diamond":13,"artifacts:crystal_heart":1,"minecraft:emerald":6,"supplementaries:ash":4,"minecraft:coal":104,"minecraft:cobblestone":33},"minecraft:dropped":{"supplementaries:ash":4,"minecraft:spider_eye":2,"minecraft:iron_pickaxe":1},"minecraft:killed":{"enemyexpansion:trollenraged":1,"minecraft:cave_spider":3,"minecraft:pig":1,"enemyexpansion:intruder":1,"enemyexpansion:sprinter":1,"enemyexpansion:direwolf":2,"minecraft:skeleton":5,"minecraft:zombie":7,"enemyexpansion:vampire":1,"minecraft:chicken":1,"enemyexpansion:botfly":4,"artifacts:mimic":2,"enemyexpansion:vampflyer":1},"minecraft:used":{"minecraft:stone_pickaxe":60,"minecraft:wooden_pickaxe":8,"minecraft:shield":21,"minecraft:diamond_axe":33,"minecraft:iron_chestplate":1,"minecraft:torch":9,"minecraft:glow_berries":4,"minecraft:crafting_table":10,"minecraft:iron_hoe":13,"minecraft:wooden_axe":14,"minecraft:diamond_pickaxe":23,"minecraft:lava_bucket":9,"minecraft:iron_axe":23,"minecraft:bread":3,"minecraft:iron_pickaxe":194,"minecraft:iron_helmet":1,"minecraft:iron_boots":1,"minecraft:stone_axe":50,"minecraft:cobblestone":19,"minecraft:cooked_porkchop":11,"minecraft:furnace":5,"minecraft:porkchop":3,"minecraft:bucket":10,"tombstone:gift":1,"minecraft:enchanted_golden_apple":1,"minecraft:cobbled_deepslate":34}},"DataVersion":3465}