{"stats":{"minecraft:crafted":{"minecraft:oak_planks":60,"minecraft:cooked_porkchop":11,"minecraft:wooden_pickaxe":1,"minecraft:iron_helmet":1,"minecraft:furnace":1,"minecraft:bucket":1,"minecraft:stone_axe":1,"minecraft:air":0,"minecraft:diamond_helmet":1,"minecraft:diamond_leggings":1,"minecraft:diamond_pickaxe":1,"minecraft:iron_boots":1,"minecraft:iron_chestplate":1,"minecraft:shield":1,"minecraft:iron_axe":1,"minecraft:stick":16,"minecraft:iron_ingot":24,"minecraft:iron_pickaxe":1,"minecraft:stone_pickaxe":1,"minecraft:wooden_axe":1,"minecraft:diamond_boots":1,"minecraft:diamond_chestplate":1},"minecraft:custom":{"minecraft:interact_with_furnace":32,"minecraft:mob_kills":38,"minecraft:interact_with_cartography_table":1,"minecraft:interact_with_crafting_table":24,"minecraft:open_barrel":16,"minecraft:damage_dealt_resisted":78,"minecraft:time_since_death":56116,"minecraft:time_since_rest":56116,"minecraft:sprint_one_cm":84328,"minecraft:damage_taken":1506,"minecraft:walk_one_cm":218873,"minecraft:damage_blocked_by_shield":1055,"minecraft:drop":16,"minecraft:damage_dealt":7378,"minecraft:swim_one_cm":22667,"minecraft:fly_one_cm":104273,"minecraft:open_chest":4,"minecraft:crouch_one_cm":23923,"minecraft:play_time":56116,"tombstone:undead_killed":16,"minecraft:sneak_time":7214,"minecraft:walk_under_water_one_cm":4628,"minecraft:jump":764,"minecraft:walk_on_water_one_cm":7134,"minecraft:interact_with_smoker":1,"minecraft:total_world_time":56116,"minecraft:fall_one_cm":13566},"minecraft:mined":{"minecraft:smithing_table":1,"minecraft:tuff":22,"minecraft:deepslate_diamond_ore":31,"minecraft:sculk_vein":4,"minecraft:crafting_table":12,"minecraft:granite":28,"minecraft:budding_amethyst":1,"minecraft:calcite":14,"minecraft:chest":1,"minecraft:campfire":1,"minecraft:tall_grass":1,"minecraft:cobblestone":3,"minecraft:deepslate_coal_ore":1,"minecraft:deepslate_gold_ore":1,"minecraft:lapis_ore":9,"minecraft:oak_planks":13,"minecraft:sculk":52,"minecraft:diorite":14,"minecraft:wall_torch":1,"minecraft:amethyst_block":12,"supplementaries:urn":9,"minecraft:furnace":5,"minecraft:iron_ore":34,"minecraft:cobbled_deepslate":9,"minecraft:andesite":4,"minecraft:deepslate_lapis_ore":2,"minecraft:oak_log":16,"minecraft:coal_ore":21,"quark:monster_box":1,"minecraft:deepslate_iron_ore":15,"minecraft:gravel":4,"minecraft:dirt":5,"minecraft:smooth_basalt":9,"minecraft:stone":239,"minecraft:oak_leaves":6,"minecraft:green_bed":1,"minecraft:deepslate":276},"minecraft:picked_up":{"minecraft:charcoal":3,"minecraft:crafting_table":12,"minecraft:andesite":3,"minecraft:smithing_table":1,"minecraft:flint":1,"minecraft:tuff":22,"minecraft:oak_log":16,"supplementaries:flax_seeds":6,"minecraft:dirt":5,"minecraft:gunpowder":3,"minecraft:amethyst_block":12,"minecraft:lapis_lazuli":77,"minecraft:string":2,"minecraft:paper":3,"minecraft:iron_axe":1,"minecraft:bone":18,"minecraft:bow":1,"minecraft:cobbled_deepslate":284,"minecraft:iron_ingot":1,"minecraft:calcite":14,"minecraft:iron_pickaxe":1,"minecraft:chest":1,"minecraft:oak_planks":15,"minecraft:furnace":5,"minecraft:raw_iron":46,"minecraft:smooth_basalt":9,"minecraft:oak_fence":1,"minecraft:torch":1,"minecraft:green_bed":1,"minecraft:gravel":3,"minecraft:porkchop":3,"tombstone:grave_dust":3,"minecraft:diorite":14,"artifacts:helium_flamingo":1,"minecraft:spider_eye":3,"artifacts:plastic_drinking_hat":1,"minecraft:bundle":1,"minecraft:iron_hoe":1,"minecraft:arrow":6,"minecraft:rotten_flesh":5,"minecraft:diamond":31,"artifacts:crystal_heart":1,"minecraft:granite":4,"minecraft:emerald":6,"supplementaries:ash":4,"minecraft:coal":104,"minecraft:cobblestone":218},"minecraft:dropped":{"minecraft:gravel":2,"minecraft:cobbled_deepslate":128,"minecraft:tuff":22,"minecraft:cobblestone":2,"minecraft:flint":1,"supplementaries:flax_seeds":2,"supplementaries:ash":4,"minecraft:charcoal":1,"tombstone:grave_dust":1,"minecraft:spider_eye":3,"minecraft:iron_pickaxe":1,"minecraft:calcite":14,"minecraft:smooth_basalt":9},"minecraft:killed":{"enemyexpansion:trollenraged":1,"minecraft:cave_spider":3,"minecraft:pig":1,"enemyexpansion:intruder":1,"enemyexpansion:sprinter":1,"enemyexpansion:direwolf":2,"minecraft:skeleton":5,"minecraft:zombie":7,"enemyexpansion:vampire":1,"minecraft:chicken":1,"enemyexpansion:botfly":4,"artifacts:mimic":3,"enemyexpansion:vampflyer":1,"enemyexpansion:slugger":1},"minecraft:used":{"minecraft:stone_pickaxe":60,"minecraft:wooden_pickaxe":8,"minecraft:shield":30,"minecraft:diamond_axe":56,"minecraft:rotten_flesh":2,"minecraft:iron_chestplate":1,"minecraft:torch":10,"minecraft:glow_berries":7,"minecraft:crafting_table":11,"minecraft:iron_hoe":56,"minecraft:wooden_axe":14,"minecraft:diamond_pickaxe":505,"minecraft:lava_bucket":14,"minecraft:iron_axe":23,"minecraft:bread":3,"minecraft:iron_pickaxe":194,"minecraft:iron_helmet":1,"minecraft:iron_boots":1,"minecraft:stone_axe":50,"minecraft:cobblestone":24,"minecraft:cooked_porkchop":11,"minecraft:furnace":5,"minecraft:porkchop":3,"minecraft:bucket":15,"tombstone:gift":1,"minecraft:enchanted_golden_apple":1,"minecraft:cobbled_deepslate":60}},"DataVersion":3465}