{"stats":{"minecraft:custom":{"minecraft:time_since_rest":3396,"minecraft:sprint_one_cm":21669,"minecraft:damage_taken":245,"minecraft:walk_one_cm":16325,"minecraft:mob_kills":14,"minecraft:damage_dealt":1250,"minecraft:swim_one_cm":9747,"minecraft:interact_with_crafting_table":1,"minecraft:fly_one_cm":42912,"minecraft:crouch_one_cm":634,"minecraft:play_time":6912,"minecraft:deaths":1,"minecraft:sneak_time":245,"minecraft:walk_under_water_one_cm":762,"minecraft:jump":220,"minecraft:walk_on_water_one_cm":2229,"minecraft:time_since_death":4136,"minecraft:total_world_time":6912,"minecraft:fall_one_cm":4439},"minecraft:used":{"minecraft:wooden_axe":34,"minecraft:dirt":8,"minecraft:crafting_table":1,"alexsmobs:animal_dictionary":2},"minecraft:mined":{"minecraft:crafting_table":1,"minecraft:grass":3,"minecraft:grass_block":2,"minecraft:oak_log":9,"minecraft:tall_grass":2},"minecraft:crafted":{"minecraft:oak_planks":16,"minecraft:crafting_table":1,"minecraft:stick":8,"minecraft:wooden_axe":1},"minecraft:killed_by":{"minecraft:skeleton":1},"minecraft:picked_up":{"minecraft:crafting_table":1,"minecraft:chicken":1,"minecraft:leather":7,"minecraft:porkchop":6,"minecraft:oak_log":10,"minecraft:dirt":22,"minecraft:wheat_seeds":1,"minecraft:beef":9,"minecraft:mutton":11,"minecraft:white_wool":6,"minecraft:egg":1},"minecraft:killed":{"minecraft:sheep":6,"minecraft:pig":3,"minecraft:chicken":1,"earthmobsmod:albino_cow":2,"minecraft:cow":2}},"DataVersion":3465}