{"stats":{"minecraft:custom":{"minecraft:time_since_rest":15396,"minecraft:interact_with_furnace":29,"minecraft:sprint_one_cm":41696,"minecraft:damage_taken":390,"minecraft:walk_one_cm":42527,"minecraft:mob_kills":19,"minecraft:drop":11,"minecraft:damage_dealt":1768,"minecraft:swim_one_cm":15078,"minecraft:interact_with_crafting_table":10,"minecraft:fly_one_cm":73377,"tombstone:undead_killed":1,"minecraft:crouch_one_cm":1226,"minecraft:play_time":18912,"minecraft:deaths":1,"minecraft:sneak_time":556,"minecraft:walk_under_water_one_cm":4242,"minecraft:jump":416,"minecraft:walk_on_water_one_cm":9629,"minecraft:time_since_death":16136,"minecraft:total_world_time":18912,"minecraft:fall_one_cm":9011},"minecraft:dropped":{"minecraft:cooked_beef":5,"minecraft:cooked_chicken":3,"minecraft:white_wool":3},"minecraft:used":{"minecraft:cooked_mutton":2,"minecraft:wooden_axe":37,"minecraft:stone_sword":18,"minecraft:stone_pickaxe":29,"minecraft:wooden_pickaxe":3,"minecraft:cooked_chicken":1,"minecraft:torch":7,"minecraft:dirt":8,"minecraft:crafting_table":4,"minecraft:furnace":3,"minecraft:white_bed":1,"alexsmobs:animal_dictionary":2,"minecraft:egg":2},"minecraft:mined":{"minecraft:white_bed":1,"minecraft:furnace":2,"minecraft:iron_ore":2,"minecraft:oak_fence":1,"minecraft:torch":2,"minecraft:crafting_table":4,"minecraft:grass":3,"minecraft:coal_ore":9,"minecraft:grass_block":4,"minecraft:oak_log":9,"minecraft:dirt":1,"minecraft:tall_grass":2,"minecraft:cobblestone":2,"minecraft:stone":13,"minecraft:wall_torch":2},"minecraft:crafted":{"minecraft:cooked_beef":10,"minecraft:oak_planks":40,"minecraft:cooked_porkchop":4,"minecraft:crafting_table":1,"minecraft:stick":8,"minecraft:leather_horse_armor":1,"minecraft:cooked_chicken":4,"minecraft:wooden_pickaxe":1,"minecraft:stone_pickaxe":1,"minecraft:wooden_axe":1,"minecraft:stone_sword":1,"minecraft:furnace":1,"minecraft:white_bed":1,"minecraft:torch":4,"minecraft:air":0,"minecraft:cooked_mutton":11},"minecraft:killed_by":{"minecraft:skeleton":1},"minecraft:picked_up":{"minecraft:raw_iron":2,"minecraft:crafting_table":4,"minecraft:chicken":1,"minecraft:oak_fence":1,"minecraft:leather":7,"minecraft:torch":3,"minecraft:porkchop":9,"minecraft:oak_log":10,"minecraft:white_bed":1,"minecraft:dirt":25,"minecraft:wheat_seeds":1,"minecraft:beef":12,"minecraft:black_wool":1,"minecraft:mutton":26,"minecraft:coal":16,"minecraft:furnace":2,"minecraft:white_wool":7,"minecraft:cobblestone":15,"minecraft:egg":2},"minecraft:broken":{"minecraft:wooden_axe":1},"minecraft:killed":{"minecraft:sheep":8,"minecraft:zombie":1,"minecraft:pig":4,"minecraft:chicken":1,"earthmobsmod:albino_cow":3,"minecraft:cow":2}},"DataVersion":3465}