{"stats":{"minecraft:custom":{"minecraft:interact_with_furnace":34,"minecraft:mob_kills":22,"minecraft:interact_with_crafting_table":13,"minecraft:damage_dealt_resisted":8,"minecraft:leave_game":1,"minecraft:time_since_death":244,"minecraft:time_since_rest":1,"minecraft:sprint_one_cm":94115,"minecraft:damage_taken":1057,"minecraft:walk_one_cm":106132,"minecraft:drop":17,"minecraft:damage_dealt":2405,"minecraft:swim_one_cm":15078,"minecraft:fly_one_cm":109444,"minecraft:crouch_one_cm":4969,"minecraft:play_time":35553,"tombstone:undead_killed":2,"minecraft:deaths":2,"minecraft:sneak_time":2489,"minecraft:walk_under_water_one_cm":4702,"minecraft:jump":646,"minecraft:walk_on_water_one_cm":10909,"minecraft:total_world_time":35553,"minecraft:fall_one_cm":13257},"minecraft:dropped":{"minecraft:cooked_chicken":3,"minecraft:cooked_beef":7,"minecraft:oak_planks":1,"minecraft:cooked_mutton":3,"minecraft:white_wool":3},"minecraft:used":{"minecraft:oak_fence":3,"minecraft:cooked_mutton":8,"minecraft:stone_sword":67,"minecraft:stone_pickaxe":125,"minecraft:wooden_pickaxe":3,"minecraft:cooked_chicken":1,"minecraft:white_wool":1,"minecraft:torch":70,"minecraft:dirt":27,"minecraft:crafting_table":5,"minecraft:white_bed":2,"minecraft:wooden_axe":37,"minecraft:cobblestone":18,"minecraft:furnace":3,"minecraft:andesite":2,"alexsmobs:animal_dictionary":2,"minecraft:egg":2,"minecraft:cobbled_deepslate":1},"minecraft:mined":{"minecraft:white_bed":2,"minecraft:oak_fence":3,"minecraft:crafting_table":4,"minecraft:torch":2,"minecraft:grass_block":4,"minecraft:tall_grass":2,"minecraft:cobblestone":2,"minecraft:oak_planks":1,"minecraft:wall_torch":4,"minecraft:furnace":2,"minecraft:iron_ore":39,"minecraft:andesite":3,"minecraft:grass":3,"minecraft:oak_log":9,"minecraft:coal_ore":31,"minecraft:deepslate_iron_ore":13,"minecraft:dirt":1,"minecraft:stone":29,"minecraft:deepslate":1},"minecraft:crafted":{"minecraft:cooked_beef":10,"minecraft:oak_planks":40,"minecraft:cooked_porkchop":4,"minecraft:crafting_table":1,"minecraft:leather_horse_armor":1,"minecraft:wooden_pickaxe":1,"minecraft:cooked_chicken":4,"minecraft:furnace":1,"minecraft:cooked_mutton":11,"minecraft:air":0,"minecraft:stick":56,"minecraft:stone_pickaxe":1,"minecraft:wooden_axe":1,"minecraft:stone_sword":1,"minecraft:white_bed":1,"minecraft:torch":60},"minecraft:killed_by":{"minecraft:skeleton":1,"enemyexpansion:direwolf":1},"minecraft:picked_up":{"minecraft:crafting_table":4,"minecraft:chicken":1,"minecraft:andesite":3,"minecraft:leather":7,"minecraft:oak_log":10,"minecraft:dirt":27,"minecraft:wheat_seeds":1,"minecraft:cobbled_deepslate":1,"minecraft:beef":12,"minecraft:oak_planks":2,"minecraft:egg":2,"minecraft:furnace":2,"minecraft:raw_iron":50,"minecraft:oak_fence":3,"minecraft:torch":18,"minecraft:porkchop":9,"minecraft:white_bed":2,"minecraft:black_wool":1,"minecraft:mutton":26,"minecraft:coal":38,"minecraft:white_wool":7,"minecraft:cobblestone":31},"minecraft:broken":{"minecraft:wooden_axe":1},"minecraft:killed":{"minecraft:pig":4,"minecraft:sheep":8,"minecraft:zombie":2,"minecraft:chicken":1,"earthmobsmod:albino_cow":3,"minecraft:cow":2}},"DataVersion":3465}