{"stats":{"minecraft:custom":{"minecraft:mob_kills":65,"minecraft:interact_with_crafting_table":56,"minecraft:open_barrel":4,"minecraft:damage_dealt_resisted":8,"minecraft:leave_game":5,"minecraft:time_since_death":27140,"minecraft:climb_one_cm":67471,"minecraft:sprint_one_cm":557150,"minecraft:walk_one_cm":502114,"minecraft:damage_blocked_by_shield":186,"minecraft:drop":104,"minecraft:play_time":185685,"minecraft:deaths":11,"minecraft:sneak_time":11090,"minecraft:walk_under_water_one_cm":70735,"minecraft:jump":3230,"minecraft:walk_on_water_one_cm":51969,"minecraft:total_world_time":185685,"minecraft:interact_with_furnace":70,"tombstone:raider_killed":5,"minecraft:interact_with_stonecutter":1,"minecraft:sleep_in_bed":5,"minecraft:time_since_rest":17613,"minecraft:damage_taken":7105,"tombstone:sneak_grave":5,"minecraft:damage_dealt":12049,"minecraft:swim_one_cm":108558,"minecraft:player_kills":1,"minecraft:fly_one_cm":584496,"minecraft:open_chest":14,"minecraft:crouch_one_cm":18331,"tombstone:undead_killed":21,"minecraft:fall_one_cm":94857},"minecraft:crafted":{"minecraft:saddle":1,"minecraft:oak_planks":112,"minecraft:leather_horse_armor":1,"minecraft:cooked_chicken":4,"minecraft:furnace":3,"minecraft:cooked_mutton":19,"minecraft:iron_boots":1,"minecraft:stone_pickaxe":2,"minecraft:cooked_beef":22,"sophisticatedbackpacks:backpack":1,"minecraft:cooked_porkchop":4,"minecraft:crafting_table":3,"minecraft:spruce_planks":112,"minecraft:wooden_pickaxe":1,"minecraft:iron_helmet":1,"minecraft:iron_sword":4,"minecraft:bucket":1,"minecraft:air":0,"minecraft:iron_chestplate":1,"minecraft:shield":1,"minecraft:stick":56,"quark:oak_chest":1,"minecraft:iron_ingot":45,"minecraft:iron_pickaxe":1,"minecraft:wooden_axe":2,"minecraft:stone_sword":1,"minecraft:iron_leggings":1,"minecraft:white_bed":2,"minecraft:torch":148},"minecraft:mined":{"minecraft:light_blue_stained_glass_pane":2,"minecraft:spruce_planks":4,"minecraft:white_bed":11,"iceandfire:silver_ore":1,"minecraft:cave_vines_plant":2,"minecraft:grass_block":4,"placeablesmod:nametagblock":1,"minecraft:spruce_leaves":30,"minecraft:moss_block":6,"minecraft:large_fern":9,"minecraft:furnace":7,"minecraft:iron_ore":46,"minecraft:sticky_piston":1,"minecraft:cobbled_deepslate":5,"minecraft:andesite":3,"minecraft:moss_carpet":1,"minecraft:cave_vines":4,"minecraft:deepslate_iron_ore":13,"minecraft:stripped_oak_log":1,"minecraft:stone":51,"minecraft:spruce_slab":3,"minecraft:tripwire":4,"minecraft:podzol":5,"minecraft:glass_pane":4,"minecraft:hanging_roots":1,"minecraft:dandelion":1,"minecraft:oak_fence":3,"minecraft:clay":1,"minecraft:crafting_table":11,"minecraft:torch":7,"minecraft:dead_bush":1,"minecraft:tall_grass":4,"minecraft:cobblestone":2,"minecraft:oak_planks":4,"minecraft:iron_door":1,"minecraft:wall_torch":10,"minecraft:repeater":1,"minecraft:coarse_dirt":3,"minecraft:sweet_berry_bush":30,"minecraft:spruce_log":30,"minecraft:white_wall_banner":1,"minecraft:grass":14,"minecraft:oak_log":27,"minecraft:coal_ore":88,"minecraft:dirt":5,"minecraft:tripwire_hook":2,"minecraft:oak_leaves":7,"minecraft:deepslate":1,"minecraft:fern":18},"minecraft:picked_up":{"minecraft:crafting_table":11,"minecraft:coarse_dirt":3,"minecraft:chicken":3,"minecraft:clay_ball":4,"friendsandfoes:totem_of_illusion":2,"minecraft:potion":2,"minecraft:string":8,"minecraft:iron_axe":2,"minecraft:sticky_piston":5,"minecraft:cobbled_deepslate":7,"minecraft:comparator":8,"minecraft:spruce_planks":4,"minecraft:beef":32,"minecraft:iron_nugget":9,"minecraft:spruce_slab":13,"minecraft:iron_boots":1,"minecraft:furnace":7,"minecraft:egg":2,"minecraft:stick":20,"minecraft:raw_iron":69,"minecraft:oak_fence":3,"minecraft:torch":28,"minecraft:porkchop":9,"minecraft:sandstone_wall":1,"tombstone:grave_dust":6,"minecraft:diorite":6,"minecraft:arrow":13,"minecraft:tropical_fish":1,"minecraft:saddle":1,"tombstone:essence_of_undeath":1,"minecraft:glow_berries":2,"minecraft:mutton":30,"minecraft:white_wool":10,"minecraft:cobblestone":57,"minecraft:stripped_oak_log":2,"minecraft:feather":1,"minecraft:cooked_beef":4,"minecraft:water_bucket":1,"artifacts:eternal_steak":1,"minecraft:iron_door":2,"minecraft:tripwire_hook":2,"minecraft:andesite":3,"minecraft:leather":18,"minecraft:chiseled_quartz_block":4,"minecraft:filled_map":1,"minecraft:oak_log":27,"minecraft:gunpowder":4,"minecraft:dirt":39,"minecraft:white_banner":2,"tombstone:gift":1,"minecraft:name_tag":1,"minecraft:bone":39,"minecraft:bow":1,"minecraft:wheat_seeds":7,"minecraft:iron_ingot":4,"minecraft:moss_block":4,"minecraft:iron_sword":1,"minecraft:oak_planks":5,"minecraft:sweet_berries":64,"minecraft:dandelion":2,"minecraft:white_bed":12,"minecraft:spruce_log":28,"minecraft:spider_eye":2,"minecraft:bundle":2,"minecraft:iron_helmet":1,"minecraft:emerald":3,"minecraft:chainmail_helmet":2,"minecraft:rooted_dirt":16,"minecraft:oak_sapling":1,"minecraft:black_wool":1,"minecraft:coal":224,"iceandfire:raw_silver":1},"minecraft:killed_by":{"minecraft:skeleton":3,"minecraft:zombie":2,"enemyexpansion:direwolf":1},"minecraft:dropped":{"minecraft:water_bucket":1,"iceandfire:raw_silver":1,"minecraft:iron_sword":2,"minecraft:wheat_seeds":2,"minecraft:cooked_beef":7,"minecraft:iron_helmet":1,"minecraft:cobblestone":2,"illagerinvasion:illusionary_dust":2,"minecraft:saddle":1,"minecraft:chainmail_helmet":2,"minecraft:dirt":6,"tombstone:grave_key":1,"tombstone:grave_dust":2,"minecraft:potion":4,"minecraft:white_banner":1,"minecraft:string":2,"minecraft:white_wool":3,"minecraft:dandelion":1,"minecraft:sweet_berries":13,"minecraft:cobbled_deepslate":1,"minecraft:iron_nugget":4,"minecraft:cooked_chicken":3,"minecraft:chiseled_quartz_block":4,"minecraft:iron_boots":1,"minecraft:clay_ball":4,"minecraft:oak_planks":4,"minecraft:comparator":8,"minecraft:stripped_oak_log":1,"minecraft:cooked_mutton":8,"minecraft:filled_map":1,"minecraft:gunpowder":4,"minecraft:oak_sapling":1,"artifacts:eternal_steak":1,"tombstone:essence_of_undeath":1,"minecraft:spruce_slab":10,"minecraft:arrow":19,"minecraft:bow":1,"minecraft:wooden_pickaxe":1,"minecraft:black_wool":1},"minecraft:killed":{"minecraft:spider":2,"illagerinvasion:basher":1,"minecraft:skeleton":16,"alexsmobs:banana_slug":1,"minecraft:chicken":1,"illagerinvasion:provoker":1,"minecraft:illusioner":2,"earthmobsmod:albino_cow":8,"minecraft:pig":4,"takesapillage:skirmisher":1,"minecraft:sheep":11,"minecraft:zombie":5,"alexsmobs:crow":2,"minecraft:cow":3},"minecraft:broken":{"minecraft:stone_sword":1,"minecraft:stone_pickaxe":1,"minecraft:iron_sword":1,"minecraft:wooden_axe":1},"minecraft:used":{"minecraft:oak_fence":3,"minecraft:moss_block":6,"minecraft:stone_sword":121,"minecraft:tropical_fish":1,"minecraft:spruce_slab":3,"minecraft:spruce_planks":24,"minecraft:shield":11,"minecraft:iron_sword":607,"minecraft:cooked_chicken":1,"minecraft:sandstone_wall":1,"minecraft:torch":139,"minecraft:dirt":29,"minecraft:wooden_axe":62,"friendsandfoes:totem_of_illusion":2,"minecraft:rooted_dirt":16,"minecraft:iron_axe":113,"minecraft:sweet_berries":54,"minecraft:furnace":8,"tombstone:gift":6,"minecraft:egg":2,"minecraft:cooked_beef":18,"minecraft:cobbled_deepslate":6,"minecraft:cooked_mutton":11,"minecraft:water_bucket":39,"minecraft:diorite":6,"minecraft:stone_pickaxe":190,"minecraft:oak_planks":44,"minecraft:wooden_pickaxe":24,"artifacts:eternal_steak":1,"minecraft:white_wool":1,"minecraft:glow_berries":3,"minecraft:crafting_table":13,"minecraft:white_bed":13,"minecraft:sticky_piston":5,"minecraft:bread":5,"minecraft:iron_pickaxe":28,"minecraft:iron_door":2,"minecraft:cobblestone":23,"minecraft:white_banner":1,"minecraft:cooked_porkchop":4,"minecraft:andesite":3,"minecraft:bucket":40,"alexsmobs:animal_dictionary":2,"minecraft:dandelion":1,"minecraft:coarse_dirt":3}},"DataVersion":3465}