{"stats":{"minecraft:custom":{"minecraft:mob_kills":51,"minecraft:interact_with_crafting_table":50,"minecraft:open_barrel":4,"minecraft:damage_dealt_resisted":8,"minecraft:leave_game":4,"minecraft:time_since_death":4180,"minecraft:climb_one_cm":46752,"minecraft:sprint_one_cm":317808,"minecraft:walk_one_cm":301746,"minecraft:damage_blocked_by_shield":135,"minecraft:drop":40,"minecraft:play_time":111757,"minecraft:deaths":4,"minecraft:sneak_time":7014,"minecraft:walk_under_water_one_cm":18654,"minecraft:jump":1886,"minecraft:walk_on_water_one_cm":31064,"minecraft:total_world_time":111757,"minecraft:interact_with_furnace":64,"tombstone:raider_killed":2,"minecraft:sleep_in_bed":3,"minecraft:time_since_rest":1781,"minecraft:damage_taken":3720,"tombstone:sneak_grave":5,"minecraft:damage_dealt":8607,"minecraft:swim_one_cm":61465,"minecraft:fly_one_cm":357450,"minecraft:open_chest":3,"minecraft:crouch_one_cm":9799,"tombstone:undead_killed":14,"minecraft:fall_one_cm":44871},"minecraft:dropped":{"minecraft:cooked_beef":7,"minecraft:iron_helmet":1,"minecraft:saddle":1,"minecraft:chainmail_helmet":1,"minecraft:dirt":2,"tombstone:grave_dust":2,"minecraft:white_wool":3,"minecraft:cooked_chicken":3,"minecraft:oak_planks":4,"minecraft:comparator":8,"minecraft:stripped_oak_log":1,"minecraft:cooked_mutton":8,"tombstone:essence_of_undeath":1,"minecraft:arrow":19,"minecraft:bow":1,"minecraft:wooden_pickaxe":1,"minecraft:black_wool":1},"minecraft:used":{"minecraft:oak_fence":3,"minecraft:stone_sword":121,"minecraft:tropical_fish":1,"minecraft:shield":10,"minecraft:iron_sword":361,"minecraft:cooked_chicken":1,"minecraft:torch":130,"minecraft:dirt":29,"minecraft:wooden_axe":62,"friendsandfoes:totem_of_illusion":1,"minecraft:iron_axe":57,"minecraft:furnace":5,"tombstone:gift":4,"minecraft:egg":2,"minecraft:cooked_beef":12,"minecraft:cobbled_deepslate":4,"minecraft:cooked_mutton":11,"minecraft:water_bucket":6,"minecraft:stone_pickaxe":190,"minecraft:oak_planks":44,"minecraft:wooden_pickaxe":24,"minecraft:white_wool":1,"minecraft:crafting_table":11,"minecraft:white_bed":6,"minecraft:sticky_piston":5,"minecraft:bread":4,"minecraft:iron_pickaxe":15,"minecraft:cobblestone":21,"minecraft:cooked_porkchop":4,"minecraft:bucket":7,"minecraft:andesite":3,"alexsmobs:animal_dictionary":2},"minecraft:mined":{"minecraft:white_bed":6,"iceandfire:silver_ore":1,"minecraft:grass_block":4,"minecraft:spruce_leaves":17,"minecraft:large_fern":1,"minecraft:furnace":4,"minecraft:sticky_piston":1,"minecraft:iron_ore":46,"minecraft:cobbled_deepslate":3,"minecraft:andesite":3,"minecraft:deepslate_iron_ore":13,"minecraft:stripped_oak_log":1,"minecraft:stone":51,"minecraft:tripwire":4,"minecraft:podzol":4,"minecraft:oak_fence":3,"minecraft:crafting_table":9,"minecraft:torch":7,"minecraft:tall_grass":2,"minecraft:cobblestone":2,"minecraft:oak_planks":4,"minecraft:wall_torch":7,"minecraft:coarse_dirt":2,"minecraft:grass":6,"minecraft:oak_log":27,"minecraft:coal_ore":85,"minecraft:dirt":5,"minecraft:tripwire_hook":2,"minecraft:oak_leaves":6,"minecraft:deepslate":1,"minecraft:fern":2},"minecraft:crafted":{"minecraft:saddle":1,"minecraft:oak_planks":108,"minecraft:leather_horse_armor":1,"minecraft:cooked_chicken":4,"minecraft:furnace":3,"minecraft:cooked_mutton":19,"minecraft:iron_boots":1,"minecraft:stone_pickaxe":2,"minecraft:cooked_beef":20,"sophisticatedbackpacks:backpack":1,"minecraft:cooked_porkchop":4,"minecraft:crafting_table":2,"minecraft:wooden_pickaxe":1,"minecraft:iron_helmet":1,"minecraft:iron_sword":2,"minecraft:bucket":1,"minecraft:air":0,"minecraft:iron_chestplate":1,"minecraft:shield":1,"minecraft:stick":56,"quark:oak_chest":1,"minecraft:iron_ingot":45,"minecraft:iron_pickaxe":1,"minecraft:wooden_axe":2,"minecraft:stone_sword":1,"minecraft:iron_leggings":1,"minecraft:white_bed":2,"minecraft:torch":148},"minecraft:killed_by":{"minecraft:skeleton":2,"enemyexpansion:direwolf":1},"minecraft:picked_up":{"minecraft:crafting_table":9,"minecraft:coarse_dirt":2,"minecraft:chicken":1,"friendsandfoes:totem_of_illusion":1,"minecraft:potion":1,"minecraft:string":6,"minecraft:iron_axe":1,"minecraft:sticky_piston":5,"minecraft:cobbled_deepslate":5,"minecraft:comparator":8,"minecraft:beef":22,"minecraft:spruce_slab":10,"minecraft:egg":2,"minecraft:furnace":4,"minecraft:raw_iron":69,"minecraft:oak_fence":3,"minecraft:torch":25,"minecraft:porkchop":9,"tombstone:grave_dust":1,"minecraft:arrow":12,"minecraft:tropical_fish":1,"tombstone:essence_of_undeath":1,"minecraft:saddle":1,"minecraft:mutton":30,"minecraft:white_wool":10,"minecraft:cobblestone":55,"minecraft:stripped_oak_log":2,"minecraft:tripwire_hook":2,"minecraft:andesite":3,"minecraft:leather":14,"minecraft:oak_log":27,"minecraft:gunpowder":3,"minecraft:dirt":34,"tombstone:gift":1,"minecraft:white_banner":1,"minecraft:bone":7,"minecraft:wheat_seeds":1,"minecraft:iron_ingot":4,"minecraft:oak_planks":5,"minecraft:iron_sword":1,"minecraft:white_bed":6,"minecraft:bundle":1,"minecraft:iron_helmet":1,"minecraft:chainmail_helmet":2,"minecraft:emerald":1,"minecraft:oak_sapling":1,"minecraft:coal":136,"minecraft:black_wool":1,"iceandfire:raw_silver":1},"minecraft:broken":{"minecraft:stone_sword":1,"minecraft:stone_pickaxe":1,"minecraft:iron_sword":1,"minecraft:wooden_axe":1},"minecraft:killed":{"minecraft:spider":1,"minecraft:skeleton":10,"alexsmobs:banana_slug":1,"minecraft:chicken":1,"minecraft:illusioner":1,"earthmobsmod:albino_cow":8,"minecraft:pig":4,"takesapillage:skirmisher":1,"minecraft:sheep":11,"minecraft:zombie":4,"alexsmobs:crow":1,"minecraft:cow":2}},"DataVersion":3465}