{"stats":{"minecraft:custom":{"minecraft:interact_with_furnace":34,"minecraft:mob_kills":34,"minecraft:interact_with_crafting_table":19,"minecraft:damage_dealt_resisted":8,"minecraft:leave_game":3,"minecraft:time_since_death":17244,"minecraft:sleep_in_bed":2,"minecraft:time_since_rest":3475,"minecraft:sprint_one_cm":150059,"minecraft:damage_taken":1552,"minecraft:walk_one_cm":144960,"minecraft:drop":18,"minecraft:damage_dealt":3668,"minecraft:swim_one_cm":21669,"minecraft:fly_one_cm":175600,"minecraft:crouch_one_cm":6125,"minecraft:play_time":52553,"tombstone:undead_killed":2,"minecraft:deaths":2,"minecraft:sneak_time":2927,"minecraft:walk_under_water_one_cm":9852,"minecraft:jump":1007,"minecraft:walk_on_water_one_cm":14327,"minecraft:total_world_time":52553,"minecraft:fall_one_cm":22488},"minecraft:dropped":{"minecraft:cooked_chicken":3,"minecraft:cooked_beef":7,"minecraft:oak_planks":1,"minecraft:stripped_oak_log":1,"minecraft:cooked_mutton":3,"minecraft:white_wool":3},"minecraft:used":{"minecraft:oak_fence":3,"minecraft:cooked_mutton":8,"minecraft:stone_sword":111,"minecraft:stone_pickaxe":136,"minecraft:oak_planks":1,"minecraft:wooden_pickaxe":3,"minecraft:cooked_chicken":1,"minecraft:white_wool":1,"minecraft:torch":105,"minecraft:dirt":27,"minecraft:crafting_table":8,"minecraft:white_bed":3,"minecraft:wooden_axe":55,"minecraft:cobblestone":21,"minecraft:furnace":3,"minecraft:cooked_porkchop":3,"minecraft:andesite":3,"tombstone:gift":2,"alexsmobs:animal_dictionary":2,"minecraft:egg":2,"minecraft:cooked_beef":3,"minecraft:cobbled_deepslate":2},"minecraft:mined":{"minecraft:white_bed":3,"minecraft:oak_fence":3,"minecraft:crafting_table":7,"minecraft:torch":5,"minecraft:grass_block":4,"minecraft:tall_grass":2,"minecraft:cobblestone":2,"minecraft:oak_planks":2,"minecraft:wall_torch":4,"minecraft:furnace":2,"minecraft:iron_ore":46,"minecraft:andesite":3,"minecraft:grass":4,"minecraft:oak_log":27,"minecraft:coal_ore":33,"minecraft:deepslate_iron_ore":13,"minecraft:dirt":1,"minecraft:stripped_oak_log":1,"minecraft:stone":30,"minecraft:oak_leaves":3,"minecraft:deepslate":1},"minecraft:crafted":{"minecraft:cooked_beef":10,"minecraft:oak_planks":60,"minecraft:cooked_porkchop":4,"minecraft:crafting_table":2,"minecraft:leather_horse_armor":1,"minecraft:wooden_pickaxe":1,"minecraft:cooked_chicken":4,"minecraft:furnace":1,"minecraft:cooked_mutton":11,"minecraft:air":0,"minecraft:stick":56,"minecraft:stone_pickaxe":1,"minecraft:wooden_axe":2,"minecraft:stone_sword":1,"minecraft:white_bed":2,"minecraft:torch":148},"minecraft:killed_by":{"minecraft:skeleton":1,"enemyexpansion:direwolf":1},"minecraft:picked_up":{"minecraft:stripped_oak_log":2,"minecraft:crafting_table":7,"minecraft:chicken":1,"minecraft:andesite":3,"minecraft:leather":14,"minecraft:oak_log":27,"minecraft:gunpowder":3,"minecraft:dirt":27,"minecraft:wheat_seeds":1,"minecraft:cobbled_deepslate":2,"minecraft:beef":22,"minecraft:oak_planks":3,"minecraft:egg":2,"minecraft:furnace":2,"minecraft:raw_iron":60,"minecraft:oak_fence":3,"minecraft:torch":21,"minecraft:porkchop":9,"minecraft:white_bed":3,"minecraft:oak_sapling":1,"minecraft:black_wool":1,"minecraft:mutton":30,"minecraft:coal":40,"minecraft:white_wool":10,"minecraft:cobblestone":34},"minecraft:broken":{"minecraft:stone_pickaxe":1,"minecraft:wooden_axe":1},"minecraft:killed":{"minecraft:pig":4,"minecraft:sheep":11,"minecraft:zombie":2,"minecraft:chicken":1,"minecraft:cow":2,"earthmobsmod:albino_cow":8}},"DataVersion":3465}