{"stats":{"minecraft:custom":{"minecraft:interact_with_furnace":63,"minecraft:mob_kills":40,"minecraft:interact_with_crafting_table":42,"minecraft:damage_dealt_resisted":8,"minecraft:leave_game":3,"minecraft:time_since_death":41244,"minecraft:sleep_in_bed":3,"minecraft:climb_one_cm":18613,"minecraft:time_since_rest":11362,"minecraft:sprint_one_cm":230341,"minecraft:damage_taken":1998,"minecraft:walk_one_cm":210907,"minecraft:damage_blocked_by_shield":75,"minecraft:drop":19,"minecraft:damage_dealt":4746,"minecraft:swim_one_cm":35382,"minecraft:fly_one_cm":265484,"minecraft:crouch_one_cm":6269,"minecraft:play_time":76553,"tombstone:undead_killed":6,"minecraft:deaths":2,"minecraft:sneak_time":3240,"minecraft:walk_under_water_one_cm":14149,"minecraft:jump":1454,"minecraft:walk_on_water_one_cm":17705,"minecraft:total_world_time":76553,"minecraft:fall_one_cm":31115},"minecraft:dropped":{"minecraft:cooked_chicken":3,"minecraft:cooked_beef":7,"minecraft:oak_planks":1,"minecraft:stripped_oak_log":1,"minecraft:cooked_mutton":3,"minecraft:dirt":1,"minecraft:white_wool":3},"minecraft:used":{"minecraft:oak_fence":3,"minecraft:cooked_mutton":11,"minecraft:stone_sword":121,"minecraft:stone_pickaxe":190,"minecraft:oak_planks":29,"minecraft:shield":7,"minecraft:wooden_pickaxe":24,"minecraft:iron_sword":54,"minecraft:cooked_chicken":1,"minecraft:white_wool":1,"minecraft:torch":124,"minecraft:dirt":29,"minecraft:crafting_table":10,"minecraft:white_bed":5,"minecraft:wooden_axe":62,"minecraft:iron_pickaxe":7,"minecraft:cobblestone":21,"minecraft:furnace":5,"minecraft:cooked_porkchop":4,"minecraft:bucket":1,"minecraft:andesite":3,"tombstone:gift":2,"alexsmobs:animal_dictionary":2,"minecraft:egg":2,"minecraft:cooked_beef":5,"minecraft:cobbled_deepslate":2},"minecraft:mined":{"minecraft:white_bed":5,"iceandfire:silver_ore":1,"minecraft:oak_fence":3,"minecraft:crafting_table":9,"minecraft:torch":7,"minecraft:grass_block":4,"minecraft:tall_grass":2,"minecraft:cobblestone":2,"minecraft:spruce_leaves":10,"minecraft:oak_planks":4,"minecraft:wall_torch":6,"minecraft:furnace":4,"minecraft:iron_ore":46,"minecraft:andesite":3,"minecraft:grass":4,"minecraft:oak_log":27,"minecraft:coal_ore":85,"minecraft:deepslate_iron_ore":13,"minecraft:dirt":2,"minecraft:stripped_oak_log":1,"minecraft:stone":51,"minecraft:oak_leaves":3,"minecraft:deepslate":1,"minecraft:podzol":4},"minecraft:crafted":{"minecraft:cooked_beef":20,"minecraft:oak_planks":108,"minecraft:cooked_porkchop":4,"minecraft:crafting_table":2,"minecraft:leather_horse_armor":1,"minecraft:iron_helmet":1,"minecraft:wooden_pickaxe":1,"minecraft:cooked_chicken":4,"minecraft:iron_sword":1,"minecraft:furnace":3,"minecraft:bucket":1,"minecraft:cooked_mutton":19,"minecraft:air":0,"minecraft:iron_boots":1,"minecraft:iron_chestplate":1,"minecraft:shield":1,"minecraft:stick":56,"minecraft:iron_ingot":45,"minecraft:iron_pickaxe":1,"minecraft:stone_pickaxe":2,"minecraft:wooden_axe":2,"minecraft:stone_sword":1,"minecraft:iron_leggings":1,"minecraft:white_bed":2,"minecraft:torch":148},"minecraft:killed_by":{"minecraft:skeleton":1,"enemyexpansion:direwolf":1},"minecraft:picked_up":{"minecraft:stripped_oak_log":2,"minecraft:crafting_table":9,"minecraft:chicken":1,"minecraft:andesite":3,"minecraft:leather":14,"minecraft:oak_log":27,"minecraft:gunpowder":3,"minecraft:dirt":31,"minecraft:sticky_piston":5,"minecraft:bone":2,"minecraft:wheat_seeds":1,"minecraft:cobbled_deepslate":2,"minecraft:comparator":8,"minecraft:iron_ingot":4,"minecraft:beef":22,"minecraft:spruce_slab":10,"minecraft:oak_planks":5,"minecraft:egg":2,"minecraft:furnace":4,"minecraft:raw_iron":69,"minecraft:oak_fence":3,"minecraft:torch":24,"minecraft:porkchop":9,"minecraft:white_bed":5,"minecraft:arrow":3,"minecraft:oak_sapling":1,"minecraft:black_wool":1,"minecraft:mutton":30,"minecraft:coal":136,"iceandfire:raw_silver":1,"minecraft:white_wool":10,"minecraft:cobblestone":55},"minecraft:broken":{"minecraft:stone_pickaxe":1,"minecraft:stone_sword":1,"minecraft:wooden_axe":1},"minecraft:killed":{"minecraft:pig":4,"minecraft:sheep":11,"minecraft:skeleton":3,"minecraft:zombie":3,"alexsmobs:banana_slug":1,"minecraft:chicken":1,"alexsmobs:crow":1,"minecraft:cow":2,"earthmobsmod:albino_cow":8}},"DataVersion":3465}