{"stats":{"minecraft:custom":{"minecraft:mob_kills":57,"minecraft:interact_with_crafting_table":55,"minecraft:open_barrel":4,"minecraft:damage_dealt_resisted":8,"minecraft:leave_game":4,"minecraft:time_since_death":8837,"minecraft:climb_one_cm":62827,"minecraft:sprint_one_cm":441075,"minecraft:walk_one_cm":378226,"minecraft:damage_blocked_by_shield":135,"minecraft:drop":51,"minecraft:play_time":147757,"minecraft:deaths":8,"minecraft:sneak_time":10779,"minecraft:walk_under_water_one_cm":24560,"minecraft:jump":2458,"minecraft:walk_on_water_one_cm":46544,"minecraft:total_world_time":147757,"minecraft:interact_with_furnace":64,"tombstone:raider_killed":2,"minecraft:interact_with_stonecutter":1,"minecraft:sleep_in_bed":3,"minecraft:time_since_rest":6796,"minecraft:damage_taken":5889,"tombstone:sneak_grave":5,"minecraft:damage_dealt":10474,"minecraft:swim_one_cm":101294,"minecraft:fly_one_cm":472337,"minecraft:open_chest":8,"minecraft:crouch_one_cm":17800,"tombstone:undead_killed":20,"minecraft:fall_one_cm":72885},"minecraft:dropped":{"minecraft:cooked_beef":7,"minecraft:iron_helmet":1,"minecraft:saddle":1,"minecraft:chainmail_helmet":1,"minecraft:dirt":2,"tombstone:grave_dust":2,"minecraft:white_wool":3,"minecraft:cooked_chicken":3,"minecraft:oak_planks":4,"minecraft:comparator":8,"minecraft:stripped_oak_log":1,"minecraft:cooked_mutton":8,"minecraft:filled_map":1,"tombstone:essence_of_undeath":1,"minecraft:spruce_slab":10,"minecraft:arrow":19,"minecraft:bow":1,"minecraft:wooden_pickaxe":1,"minecraft:black_wool":1},"minecraft:used":{"minecraft:moss_block":3,"minecraft:oak_fence":3,"minecraft:stone_sword":121,"minecraft:tropical_fish":1,"minecraft:spruce_slab":3,"minecraft:shield":10,"minecraft:iron_sword":481,"minecraft:sandstone_wall":1,"minecraft:cooked_chicken":1,"minecraft:torch":136,"minecraft:dirt":29,"minecraft:wooden_axe":62,"minecraft:rooted_dirt":16,"friendsandfoes:totem_of_illusion":1,"minecraft:iron_axe":61,"minecraft:sweet_berries":6,"minecraft:furnace":5,"tombstone:gift":6,"minecraft:egg":2,"minecraft:cooked_beef":15,"minecraft:cobbled_deepslate":6,"minecraft:cooked_mutton":11,"minecraft:water_bucket":15,"minecraft:diorite":6,"minecraft:stone_pickaxe":190,"minecraft:oak_planks":44,"minecraft:wooden_pickaxe":24,"minecraft:white_wool":1,"minecraft:crafting_table":13,"minecraft:white_bed":10,"minecraft:sticky_piston":5,"minecraft:bread":5,"minecraft:iron_pickaxe":22,"minecraft:cobblestone":22,"minecraft:white_banner":1,"minecraft:cooked_porkchop":4,"minecraft:bucket":16,"minecraft:andesite":3,"alexsmobs:animal_dictionary":2,"minecraft:coarse_dirt":3},"minecraft:mined":{"minecraft:light_blue_stained_glass_pane":2,"minecraft:white_bed":8,"iceandfire:silver_ore":1,"minecraft:cave_vines_plant":2,"minecraft:grass_block":4,"minecraft:spruce_leaves":21,"minecraft:moss_block":6,"minecraft:large_fern":1,"minecraft:furnace":4,"minecraft:sticky_piston":1,"minecraft:iron_ore":46,"minecraft:cobbled_deepslate":5,"minecraft:andesite":3,"minecraft:moss_carpet":1,"minecraft:cave_vines":2,"minecraft:deepslate_iron_ore":13,"minecraft:stripped_oak_log":1,"minecraft:stone":51,"minecraft:spruce_slab":3,"minecraft:tripwire":4,"minecraft:podzol":5,"minecraft:oak_fence":3,"minecraft:clay":1,"minecraft:crafting_table":11,"minecraft:torch":7,"minecraft:tall_grass":3,"minecraft:cobblestone":2,"minecraft:oak_planks":4,"minecraft:wall_torch":9,"minecraft:repeater":1,"minecraft:coarse_dirt":3,"minecraft:sweet_berry_bush":12,"minecraft:white_wall_banner":1,"minecraft:grass":11,"minecraft:oak_log":27,"minecraft:coal_ore":88,"minecraft:dirt":5,"minecraft:tripwire_hook":2,"minecraft:oak_leaves":7,"minecraft:deepslate":1,"minecraft:fern":5},"minecraft:crafted":{"minecraft:saddle":1,"minecraft:oak_planks":112,"minecraft:leather_horse_armor":1,"minecraft:cooked_chicken":4,"minecraft:furnace":3,"minecraft:cooked_mutton":19,"minecraft:iron_boots":1,"minecraft:stone_pickaxe":2,"minecraft:cooked_beef":20,"sophisticatedbackpacks:backpack":1,"minecraft:cooked_porkchop":4,"minecraft:crafting_table":3,"minecraft:wooden_pickaxe":1,"minecraft:iron_helmet":1,"minecraft:iron_sword":4,"minecraft:bucket":1,"minecraft:air":0,"minecraft:iron_chestplate":1,"minecraft:shield":1,"minecraft:stick":56,"quark:oak_chest":1,"minecraft:iron_ingot":45,"minecraft:iron_pickaxe":1,"minecraft:wooden_axe":2,"minecraft:stone_sword":1,"minecraft:iron_leggings":1,"minecraft:white_bed":2,"minecraft:torch":148},"minecraft:killed_by":{"minecraft:skeleton":3,"minecraft:zombie":1,"enemyexpansion:direwolf":1},"minecraft:picked_up":{"minecraft:crafting_table":11,"minecraft:coarse_dirt":3,"minecraft:chicken":1,"minecraft:clay_ball":4,"friendsandfoes:totem_of_illusion":1,"minecraft:potion":1,"minecraft:string":6,"minecraft:iron_axe":1,"minecraft:sticky_piston":5,"minecraft:cobbled_deepslate":7,"minecraft:comparator":8,"minecraft:beef":22,"minecraft:spruce_slab":13,"minecraft:egg":2,"minecraft:furnace":4,"minecraft:raw_iron":69,"minecraft:oak_fence":3,"minecraft:torch":27,"minecraft:sandstone_wall":1,"minecraft:porkchop":9,"tombstone:grave_dust":5,"minecraft:diorite":6,"minecraft:arrow":13,"minecraft:tropical_fish":1,"tombstone:essence_of_undeath":1,"minecraft:saddle":1,"minecraft:mutton":30,"minecraft:white_wool":10,"minecraft:cobblestone":56,"minecraft:stripped_oak_log":2,"minecraft:cooked_beef":4,"minecraft:tripwire_hook":2,"minecraft:andesite":3,"minecraft:leather":14,"minecraft:filled_map":1,"minecraft:oak_log":27,"minecraft:gunpowder":3,"minecraft:dirt":35,"tombstone:gift":1,"minecraft:white_banner":2,"minecraft:bone":13,"minecraft:wheat_seeds":5,"minecraft:iron_ingot":4,"minecraft:moss_block":3,"minecraft:oak_planks":5,"minecraft:iron_sword":1,"minecraft:sweet_berries":22,"minecraft:white_bed":9,"minecraft:bundle":2,"minecraft:iron_helmet":1,"minecraft:chainmail_helmet":2,"minecraft:emerald":1,"minecraft:rooted_dirt":16,"minecraft:oak_sapling":1,"minecraft:coal":139,"minecraft:black_wool":1,"iceandfire:raw_silver":1},"minecraft:broken":{"minecraft:stone_sword":1,"minecraft:stone_pickaxe":1,"minecraft:iron_sword":1,"minecraft:wooden_axe":1},"minecraft:killed":{"minecraft:spider":1,"minecraft:skeleton":16,"alexsmobs:banana_slug":1,"minecraft:chicken":1,"minecraft:illusioner":1,"earthmobsmod:albino_cow":8,"minecraft:pig":4,"takesapillage:skirmisher":1,"minecraft:sheep":11,"minecraft:zombie":4,"alexsmobs:crow":1,"minecraft:cow":2}},"DataVersion":3465}