{"stats":{"minecraft:killed_by":{"iceandfire:cyclops":8,"alexsmobs:crocodile":1,"minecraft:silverfish":1,"minecraft:zombie":2,"iceandfire:fire_dragon":7,"minecraft:player":1,"minecraft:skeleton":4,"enemyexpansion:direwolf":1},"minecraft:mined":{"minecraft:spruce_planks":4,"minecraft:white_bed":20,"iceandfire:copper_pile":2,"minecraft:cave_vines_plant":2,"minecraft:granite":2,"minecraft:grass_block":20,"placeablesmod:nametagblock":1,"minecraft:cobbled_deepslate":7,"minecraft:iron_ore":51,"minecraft:sticky_piston":1,"minecraft:fire":13,"minecraft:target":1,"minecraft:moss_carpet":1,"minecraft:deepslate_lapis_ore":3,"minecraft:brown_bed":1,"minecraft:cave_vines":4,"iceandfire:gold_pile":86,"minecraft:iron_block":1,"minecraft:spruce_slab":3,"minecraft:tripwire":4,"minecraft:powder_snow":7,"minecraft:clay":1,"minecraft:torch":12,"minecraft:poppy":1,"minecraft:dead_bush":1,"minecraft:cobblestone":2,"minecraft:oak_planks":8,"minecraft:iron_door":1,"minecraft:wall_torch":13,"minecraft:repeater":1,"minecraft:wheat":37,"minecraft:grass":64,"minecraft:oak_log":28,"minecraft:beetroots":1,"minecraft:dirt":7,"minecraft:tripwire_hook":2,"minecraft:oak_leaves":9,"minecraft:deepslate":89,"minecraft:light_blue_stained_glass_pane":2,"minecraft:tuff":2,"iceandfire:silver_ore":1,"minecraft:glow_lichen":1,"iceandfire:chared_dirt":2,"minecraft:spruce_leaves":37,"minecraft:moss_block":6,"minecraft:large_fern":10,"minecraft:hay_block":23,"minecraft:furnace":13,"minecraft:carrots":5,"minecraft:andesite":3,"minecraft:vine":2,"minecraft:deepslate_iron_ore":30,"minecraft:stripped_oak_log":1,"minecraft:stone":67,"minecraft:podzol":5,"minecraft:glass_pane":4,"minecraft:hanging_roots":1,"minecraft:dandelion":1,"minecraft:oak_fence":3,"minecraft:crafting_table":15,"minecraft:tall_grass":27,"minecraft:copper_ore":1,"minecraft:coarse_dirt":3,"minecraft:sweet_berry_bush":63,"minecraft:spruce_log":30,"minecraft:birch_leaves":4,"minecraft:white_wall_banner":1,"minecraft:coal_ore":88,"minecraft:gravel":4,"minecraft:fern":19},"minecraft:broken":{"aether:golden_gloves":1,"minecraft:iron_leggings":2,"minecraft:stone_pickaxe":1,"minecraft:iron_sword":2,"minecraft:wooden_axe":1,"minecraft:stone_sword":1,"minecraft:iron_helmet":1},"minecraft:killed":{"earthmobsmod:duck":3,"minecraft:spider":4,"illagerinvasion:basher":1,"minecraft:skeleton":19,"alexsmobs:banana_slug":1,"minecraft:chicken":1,"illagerinvasion:provoker":1,"minecraft:illusioner":2,"minecraft:pig":14,"minecraft:sheep":11,"minecraft:zombie":13,"enemyexpansion:botfly":4,"minecraft:cow":3,"enemyexpansion:direwolf":7,"earthmobsmod:fancy_chicken":5,"earthmobsmod:albino_cow":16,"iceandfire:cyclops":2,"takesapillage:skirmisher":1,"earthmobsmod:cream_cow":4,"iceandfire:ghost":3,"alexsmobs:crow":2,"enemyexpansion:slugger":1},"minecraft:picked_up":{"minecraft:iron_chestplate":1,"minecraft:wheat":32,"minecraft:enchanted_book":1,"minecraft:potion":2,"minecraft:brown_bed":1,"tombstone:grave_key":1,"minecraft:string":12,"minecraft:raw_copper":2,"minecraft:sticky_piston":5,"minecraft:iron_leggings":1,"minecraft:armor_stand":1,"minecraft:comparator":8,"minecraft:cobbled_deepslate":107,"minecraft:gold_nugget":974,"earthmobsmod:duck_egg":1,"minecraft:spruce_planks":4,"minecraft:iron_pickaxe":1,"minecraft:iron_boots":2,"minecraft:furnace":13,"minecraft:stick":25,"minecraft:oak_fence":3,"minecraft:torch":57,"minecraft:porkchop":33,"minecraft:sandstone_wall":1,"minecraft:target":1,"minecraft:diorite":6,"tombstone:grave_dust":8,"aether:golden_gloves":1,"minecraft:rotten_flesh":12,"minecraft:tropical_fish":1,"iceandfire:fire_dragon_heart":1,"minecraft:iron_block":1,"artifacts:panic_necklace":1,"supplementaries:ash":1,"minecraft:cobblestone":107,"minecraft:birch_log":4,"minecraft:feather":9,"minecraft:cooked_beef":4,"minecraft:iron_door":2,"minecraft:water_bucket":1,"minecraft:andesite":3,"iceandfire:armor_red_chestplate":1,"minecraft:chiseled_quartz_block":4,"minecraft:tuff":2,"iceandfire:dragonscales_bronze":4,"minecraft:lapis_lazuli":23,"minecraft:dirt":56,"minecraft:lantern":1,"minecraft:name_tag":1,"minecraft:bone":53,"minecraft:bow":1,"minecraft:wheat_seeds":88,"minecraft:moss_block":4,"minecraft:oak_planks":9,"minecraft:cooked_porkchop":9,"iceandfire:dragon_skull_fire":1,"minecraft:bundle":2,"minecraft:granite":2,"minecraft:emerald":3,"minecraft:chainmail_helmet":3,"iceandfire:troll_leather_forest":2,"minecraft:rooted_dirt":16,"minecraft:oak_sapling":10,"iceandfire:raw_silver":1,"minecraft:diamond_pickaxe":1,"minecraft:crafting_table":15,"minecraft:coarse_dirt":3,"minecraft:chicken":13,"minecraft:clay_ball":4,"friendsandfoes:totem_of_illusion":2,"minecraft:gold_block":6,"minecraft:iron_axe":2,"minecraft:beef":68,"iceandfire:armor_red_helmet":1,"minecraft:poppy":1,"minecraft:iron_nugget":9,"minecraft:spruce_slab":13,"minecraft:sugar_cane":2,"minecraft:birch_sapling":2,"minecraft:egg":3,"minecraft:raw_iron":90,"iceandfire:dragonbone":8,"iceandfire:troll_tusk":2,"artifacts:cowboy_hat":1,"iceandfire:cyclops_eye":2,"minecraft:arrow":15,"minecraft:diamond_chestplate":1,"iceandfire:chared_dirt":2,"minecraft:hay_block":22,"tombstone:essence_of_undeath":1,"minecraft:saddle":1,"minecraft:gold_ingot":1,"sophisticatedbackpacks:copper_backpack":1,"minecraft:glow_berries":2,"minecraft:mutton":38,"minecraft:white_wool":15,"minecraft:stripped_oak_log":2,"minecraft:tripwire_hook":2,"artifacts:eternal_steak":1,"minecraft:glow_ink_sac":2,"minecraft:leather":33,"minecraft:filled_map":3,"minecraft:oak_log":41,"iceandfire:ectoplasm":2,"minecraft:gunpowder":15,"minecraft:white_banner":2,"tombstone:gift":1,"minecraft:apple":3,"earthmobsmod:fancy_feather":2,"minecraft:iron_ingot":11,"tombstone:bag_of_seeds":1,"minecraft:iron_sword":5,"iceandfire:fire_dragon_flesh":3,"sophisticatedbackpacks:diamond_backpack":1,"iceandfire:copper_nugget":4,"minecraft:sweet_berries":114,"iceandfire:ash":3,"minecraft:dandelion":2,"minecraft:gravel":17,"minecraft:white_bed":21,"minecraft:spruce_log":28,"minecraft:spider_eye":3,"minecraft:iron_helmet":3,"tombstone:magic_scroll":2,"minecraft:black_wool":1,"minecraft:coal":282},"minecraft:dropped":{"minecraft:iron_sword":3,"iceandfire:raw_silver":1,"minecraft:cooked_beef":7,"minecraft:glow_ink_sac":2,"minecraft:leather":2,"minecraft:saddle":1,"sophisticatedbackpacks:gold_backpack":1,"minecraft:gold_block":3,"minecraft:dirt":8,"iceandfire:ash":3,"minecraft:iron_pickaxe":1,"minecraft:white_wool":8,"minecraft:gravel":2,"minecraft:sugar_cane":1,"minecraft:iron_nugget":4,"minecraft:cooked_chicken":3,"minecraft:cobbled_deepslate":7,"minecraft:birch_sapling":1,"aether:golden_gloves":1,"minecraft:wheat":1,"tombstone:gift":1,"minecraft:oak_planks":4,"minecraft:cooked_mutton":8,"minecraft:poppy":1,"minecraft:gunpowder":4,"minecraft:spruce_slab":10,"minecraft:arrow":19,"iceandfire:manuscript":4,"minecraft:water_bucket":1,"minecraft:wheat_seeds":11,"minecraft:feather":4,"minecraft:iron_helmet":2,"minecraft:cobblestone":30,"illagerinvasion:illusionary_dust":2,"minecraft:granite":1,"iceandfire:cyclops_eye":1,"minecraft:chainmail_helmet":3,"tombstone:grave_key":4,"tombstone:grave_dust":5,"minecraft:potion":4,"minecraft:white_banner":1,"minecraft:string":2,"minecraft:dandelion":1,"minecraft:sweet_berries":13,"minecraft:chiseled_quartz_block":4,"minecraft:clay_ball":4,"minecraft:iron_boots":1,"minecraft:comparator":8,"minecraft:stripped_oak_log":1,"minecraft:filled_map":3,"minecraft:diamond_chestplate":1,"minecraft:spruce_planks":88,"minecraft:oak_sapling":1,"artifacts:eternal_steak":1,"tombstone:essence_of_undeath":1,"minecraft:bow":1,"minecraft:stone_pickaxe":1,"minecraft:wooden_pickaxe":1,"minecraft:black_wool":1},"minecraft:custom":{"minecraft:interact_with_crafting_table":84,"minecraft:open_barrel":6,"minecraft:leave_game":7,"minecraft:time_since_death":12959,"minecraft:sprint_one_cm":1124716,"minecraft:damage_blocked_by_shield":496,"minecraft:drop":211,"minecraft:talked_to_villager":5,"minecraft:play_time":372933,"minecraft:deaths":36,"minecraft:jump":7965,"minecraft:walk_on_water_one_cm":118380,"minecraft:interact_with_furnace":93,"minecraft:sleep_in_bed":10,"tombstone:sneak_grave":5,"minecraft:damage_dealt":23117,"minecraft:player_kills":1,"minecraft:crouch_one_cm":24932,"tombstone:undead_killed":36,"minecraft:mob_kills":135,"minecraft:damage_dealt_resisted":8,"minecraft:climb_one_cm":75472,"minecraft:walk_one_cm":1130500,"minecraft:damage_dealt_absorbed":81,"minecraft:sneak_time":13582,"minecraft:walk_under_water_one_cm":88431,"minecraft:total_world_time":372933,"tombstone:raider_killed":5,"minecraft:interact_with_stonecutter":1,"minecraft:time_since_rest":5916,"minecraft:damage_taken":17014,"minecraft:damage_absorbed":40,"minecraft:trigger_trapped_chest":1,"minecraft:swim_one_cm":173895,"minecraft:fly_one_cm":1465302,"minecraft:open_chest":60,"minecraft:fall_one_cm":249055},"minecraft:used":{"minecraft:moss_block":6,"minecraft:spruce_slab":3,"minecraft:shield":21,"minecraft:iron_sword":1244,"minecraft:rotten_flesh":2,"minecraft:iron_chestplate":1,"minecraft:tuff":2,"friendsandfoes:totem_of_illusion":2,"minecraft:lantern":1,"minecraft:iron_helmet":1,"minecraft:sweet_berries":117,"minecraft:furnace":14,"minecraft:egg":3,"minecraft:diorite":6,"minecraft:stone_pickaxe":197,"minecraft:oak_planks":64,"minecraft:wooden_pickaxe":24,"artifacts:eternal_steak":1,"minecraft:white_wool":1,"minecraft:golden_apple":1,"minecraft:glow_berries":3,"minecraft:sticky_piston":5,"earthmobsmod:duck_egg":1,"minecraft:bread":25,"minecraft:iron_door":2,"minecraft:gravel":14,"iceandfire:dragon_skull_fire":1,"minecraft:andesite":3,"minecraft:coarse_dirt":3,"minecraft:oak_fence":3,"minecraft:stone_sword":121,"minecraft:tropical_fish":1,"minecraft:spruce_planks":24,"minecraft:sandstone_wall":1,"minecraft:cooked_chicken":1,"minecraft:torch":358,"minecraft:dirt":47,"minecraft:target":1,"minecraft:granite":1,"iceandfire:gold_pile":6,"minecraft:wooden_axe":62,"minecraft:iron_axe":172,"minecraft:rooted_dirt":16,"minecraft:iron_boots":1,"tombstone:gift":8,"minecraft:cooked_beef":35,"minecraft:cobbled_deepslate":68,"minecraft:iron_leggings":1,"minecraft:cooked_mutton":11,"minecraft:water_bucket":130,"iceandfire:fire_dragon_flesh":3,"minecraft:birch_planks":16,"iceandfire:chared_dirt":2,"minecraft:crafting_table":19,"minecraft:white_bed":22,"minecraft:oak_log":2,"tombstone:bag_of_seeds":1,"minecraft:diamond_pickaxe":99,"minecraft:iron_pickaxe":158,"tombstone:magic_scroll":4,"minecraft:cobblestone":43,"minecraft:white_banner":1,"minecraft:cooked_porkchop":9,"minecraft:bucket":131,"alexsmobs:animal_dictionary":2,"minecraft:dandelion":1},"minecraft:crafted":{"minecraft:oak_planks":160,"minecraft:leather_horse_armor":1,"minecraft:cooked_chicken":4,"aether:golden_ring":1,"aether:golden_gloves":1,"minecraft:cooked_mutton":19,"minecraft:iron_boots":1,"sophisticatedbackpacks:backpack":1,"minecraft:cooked_porkchop":18,"minecraft:crafting_table":5,"minecraft:spruce_planks":112,"minecraft:wooden_pickaxe":1,"minecraft:iron_helmet":2,"minecraft:gold_block":3,"minecraft:birch_planks":16,"minecraft:iron_chestplate":1,"minecraft:shield":1,"minecraft:stick":112,"quark:oak_chest":1,"minecraft:iron_ingot":54,"minecraft:iron_pickaxe":1,"minecraft:stone_sword":1,"minecraft:gold_ingot":37,"iceandfire:gold_pile":32,"minecraft:saddle":1,"minecraft:furnace":3,"minecraft:stone_pickaxe":2,"minecraft:wheat":198,"sophisticatedbackpacks:iron_backpack":1,"minecraft:cooked_beef":42,"iceandfire:armor_bronze_boots":1,"minecraft:iron_sword":5,"sophisticatedbackpacks:gold_backpack":1,"minecraft:bucket":1,"minecraft:bread":76,"minecraft:air":0,"minecraft:wooden_axe":2,"minecraft:iron_leggings":2,"minecraft:white_bed":2,"minecraft:torch":324}},"DataVersion":3465}