{"stats":{"minecraft:mined":{"minecraft:light_blue_stained_glass_pane":2,"minecraft:spruce_planks":4,"minecraft:white_bed":15,"iceandfire:silver_ore":1,"iceandfire:copper_pile":2,"minecraft:granite":1,"minecraft:cave_vines_plant":2,"minecraft:grass_block":4,"placeablesmod:nametagblock":1,"minecraft:spruce_leaves":32,"minecraft:moss_block":6,"minecraft:large_fern":9,"minecraft:hay_block":9,"minecraft:carrots":5,"minecraft:furnace":11,"minecraft:iron_ore":51,"minecraft:sticky_piston":1,"minecraft:fire":13,"minecraft:cobbled_deepslate":5,"minecraft:andesite":3,"minecraft:moss_carpet":1,"iceandfire:gold_pile":58,"minecraft:cave_vines":4,"minecraft:deepslate_iron_ore":18,"minecraft:stripped_oak_log":1,"minecraft:iron_block":1,"minecraft:stone":51,"minecraft:spruce_slab":3,"minecraft:tripwire":4,"minecraft:podzol":5,"minecraft:glass_pane":4,"minecraft:hanging_roots":1,"minecraft:dandelion":1,"minecraft:clay":1,"minecraft:oak_fence":3,"minecraft:torch":7,"minecraft:crafting_table":13,"minecraft:poppy":1,"minecraft:dead_bush":1,"minecraft:copper_ore":1,"minecraft:tall_grass":18,"minecraft:cobblestone":2,"minecraft:oak_planks":5,"minecraft:iron_door":1,"minecraft:wall_torch":10,"minecraft:repeater":1,"minecraft:coarse_dirt":3,"minecraft:wheat":37,"minecraft:sweet_berry_bush":56,"minecraft:spruce_log":30,"minecraft:birch_leaves":2,"minecraft:white_wall_banner":1,"minecraft:grass":56,"minecraft:coal_ore":88,"minecraft:oak_log":27,"minecraft:beetroots":1,"minecraft:dirt":6,"minecraft:tripwire_hook":2,"minecraft:oak_leaves":9,"minecraft:deepslate":1,"minecraft:fern":18},"minecraft:dropped":{"minecraft:water_bucket":1,"minecraft:iron_sword":2,"iceandfire:raw_silver":1,"minecraft:wheat_seeds":11,"minecraft:cooked_beef":7,"minecraft:glow_ink_sac":2,"minecraft:iron_helmet":1,"minecraft:feather":4,"minecraft:cobblestone":2,"illagerinvasion:illusionary_dust":2,"minecraft:leather":2,"minecraft:saddle":1,"iceandfire:cyclops_eye":1,"minecraft:chainmail_helmet":3,"minecraft:gold_block":3,"minecraft:dirt":6,"tombstone:grave_key":1,"tombstone:grave_dust":5,"minecraft:potion":4,"minecraft:white_banner":1,"minecraft:string":2,"minecraft:white_wool":3,"minecraft:dandelion":1,"minecraft:sweet_berries":13,"minecraft:sugar_cane":1,"minecraft:iron_nugget":4,"minecraft:cooked_chicken":3,"minecraft:chiseled_quartz_block":4,"minecraft:cobbled_deepslate":1,"aether:golden_gloves":1,"minecraft:wheat":1,"tombstone:gift":1,"minecraft:clay_ball":4,"minecraft:oak_planks":4,"minecraft:iron_boots":1,"minecraft:comparator":8,"minecraft:stripped_oak_log":1,"minecraft:cooked_mutton":8,"minecraft:filled_map":1,"minecraft:poppy":1,"minecraft:gunpowder":4,"minecraft:spruce_planks":64,"minecraft:oak_sapling":1,"artifacts:eternal_steak":1,"tombstone:essence_of_undeath":1,"minecraft:spruce_slab":10,"minecraft:arrow":19,"minecraft:bow":1,"minecraft:wooden_pickaxe":1,"iceandfire:manuscript":4,"minecraft:black_wool":1},"minecraft:broken":{"aether:golden_gloves":1,"minecraft:stone_sword":1,"minecraft:iron_leggings":1,"minecraft:stone_pickaxe":1,"minecraft:iron_sword":2,"minecraft:iron_helmet":1,"minecraft:wooden_axe":1},"minecraft:used":{"minecraft:oak_fence":3,"minecraft:moss_block":6,"minecraft:stone_sword":121,"minecraft:tropical_fish":1,"minecraft:spruce_slab":3,"minecraft:spruce_planks":24,"minecraft:shield":14,"minecraft:iron_sword":996,"minecraft:cooked_chicken":1,"minecraft:sandstone_wall":1,"minecraft:torch":204,"minecraft:dirt":32,"iceandfire:gold_pile":6,"minecraft:wooden_axe":62,"friendsandfoes:totem_of_illusion":2,"minecraft:rooted_dirt":16,"minecraft:iron_axe":172,"minecraft:sweet_berries":105,"minecraft:furnace":12,"minecraft:egg":3,"tombstone:gift":8,"minecraft:cooked_beef":22,"minecraft:cobbled_deepslate":6,"minecraft:cooked_mutton":11,"minecraft:water_bucket":90,"minecraft:diorite":6,"iceandfire:fire_dragon_flesh":3,"minecraft:birch_planks":16,"minecraft:oak_planks":55,"minecraft:stone_pickaxe":190,"artifacts:eternal_steak":1,"minecraft:wooden_pickaxe":24,"minecraft:golden_apple":1,"minecraft:white_wool":1,"minecraft:glow_berries":3,"minecraft:crafting_table":16,"minecraft:white_bed":18,"minecraft:sticky_piston":5,"earthmobsmod:duck_egg":1,"minecraft:bread":18,"minecraft:iron_pickaxe":110,"minecraft:gravel":1,"minecraft:iron_door":2,"minecraft:cobblestone":26,"minecraft:white_banner":1,"minecraft:cooked_porkchop":7,"minecraft:andesite":3,"minecraft:bucket":91,"alexsmobs:animal_dictionary":2,"minecraft:dandelion":1,"minecraft:coarse_dirt":3},"minecraft:crafted":{"minecraft:saddle":1,"minecraft:oak_planks":156,"minecraft:leather_horse_armor":1,"minecraft:cooked_chicken":4,"minecraft:furnace":3,"aether:golden_gloves":1,"aether:golden_ring":1,"minecraft:cooked_mutton":19,"minecraft:iron_boots":1,"minecraft:stone_pickaxe":2,"sophisticatedbackpacks:iron_backpack":1,"minecraft:wheat":81,"minecraft:cooked_beef":42,"sophisticatedbackpacks:backpack":1,"minecraft:cooked_porkchop":6,"minecraft:crafting_table":4,"iceandfire:armor_bronze_boots":1,"minecraft:spruce_planks":112,"minecraft:wooden_pickaxe":1,"minecraft:iron_helmet":2,"minecraft:iron_sword":5,"sophisticatedbackpacks:gold_backpack":1,"minecraft:gold_block":3,"minecraft:bucket":1,"minecraft:birch_planks":16,"minecraft:bread":37,"minecraft:air":0,"minecraft:iron_chestplate":1,"minecraft:shield":1,"minecraft:stick":56,"quark:oak_chest":1,"minecraft:iron_ingot":54,"minecraft:iron_pickaxe":1,"minecraft:wooden_axe":2,"minecraft:stone_sword":1,"minecraft:iron_leggings":2,"minecraft:gold_ingot":37,"minecraft:white_bed":2,"iceandfire:gold_pile":32,"minecraft:torch":184},"minecraft:picked_up":{"minecraft:coarse_dirt":3,"minecraft:crafting_table":13,"minecraft:wheat":32,"minecraft:chicken":13,"minecraft:clay_ball":4,"friendsandfoes:totem_of_illusion":2,"minecraft:gold_block":6,"minecraft:potion":2,"minecraft:raw_copper":2,"minecraft:string":10,"minecraft:iron_axe":2,"minecraft:sticky_piston":5,"earthmobsmod:duck_egg":1,"minecraft:gold_nugget":746,"minecraft:cobbled_deepslate":10,"minecraft:comparator":8,"minecraft:spruce_planks":4,"minecraft:beef":68,"iceandfire:armor_red_helmet":1,"minecraft:iron_nugget":9,"minecraft:poppy":1,"minecraft:spruce_slab":13,"minecraft:sugar_cane":2,"minecraft:birch_sapling":1,"minecraft:egg":3,"minecraft:iron_boots":1,"minecraft:furnace":11,"minecraft:raw_iron":78,"minecraft:stick":25,"iceandfire:dragonbone":8,"iceandfire:troll_tusk":2,"minecraft:oak_fence":3,"minecraft:torch":28,"minecraft:sandstone_wall":1,"minecraft:porkchop":32,"tombstone:grave_dust":8,"minecraft:diorite":6,"aether:golden_gloves":1,"minecraft:arrow":15,"iceandfire:cyclops_eye":2,"minecraft:rotten_flesh":4,"minecraft:diamond_chestplate":1,"minecraft:tropical_fish":1,"minecraft:hay_block":9,"iceandfire:fire_dragon_heart":1,"minecraft:iron_block":1,"minecraft:gold_ingot":1,"minecraft:saddle":1,"tombstone:essence_of_undeath":1,"sophisticatedbackpacks:copper_backpack":1,"supplementaries:ash":1,"minecraft:mutton":38,"minecraft:glow_berries":2,"minecraft:white_wool":15,"minecraft:cobblestone":74,"minecraft:stripped_oak_log":2,"minecraft:birch_log":4,"minecraft:feather":9,"minecraft:cooked_beef":4,"artifacts:eternal_steak":1,"minecraft:water_bucket":1,"minecraft:iron_door":2,"minecraft:glow_ink_sac":2,"minecraft:tripwire_hook":2,"minecraft:andesite":3,"minecraft:leather":33,"iceandfire:armor_red_chestplate":1,"minecraft:chiseled_quartz_block":4,"minecraft:filled_map":1,"minecraft:oak_log":38,"minecraft:gunpowder":8,"minecraft:dirt":40,"iceandfire:dragonscales_bronze":4,"tombstone:gift":1,"minecraft:white_banner":2,"minecraft:name_tag":1,"minecraft:bone":42,"minecraft:apple":3,"minecraft:bow":1,"minecraft:wheat_seeds":83,"minecraft:iron_ingot":11,"earthmobsmod:fancy_feather":2,"minecraft:moss_block":4,"minecraft:oak_planks":6,"minecraft:iron_sword":2,"iceandfire:fire_dragon_flesh":3,"iceandfire:copper_nugget":4,"minecraft:cooked_porkchop":9,"minecraft:sweet_berries":102,"iceandfire:ash":3,"minecraft:dandelion":2,"minecraft:gravel":3,"minecraft:white_bed":16,"minecraft:spruce_log":28,"minecraft:spider_eye":2,"minecraft:bundle":2,"minecraft:iron_helmet":1,"minecraft:granite":1,"minecraft:chainmail_helmet":3,"minecraft:emerald":3,"iceandfire:troll_leather_forest":2,"minecraft:rooted_dirt":16,"minecraft:oak_sapling":10,"minecraft:black_wool":1,"minecraft:coal":280,"iceandfire:raw_silver":1},"minecraft:custom":{"minecraft:mob_kills":113,"minecraft:interact_with_crafting_table":79,"minecraft:open_barrel":5,"minecraft:damage_dealt_resisted":8,"minecraft:leave_game":5,"minecraft:time_since_death":17926,"minecraft:climb_one_cm":67689,"minecraft:sprint_one_cm":826546,"minecraft:walk_one_cm":785596,"minecraft:damage_blocked_by_shield":256,"minecraft:drop":133,"minecraft:damage_dealt_absorbed":81,"minecraft:talked_to_villager":4,"minecraft:play_time":266874,"minecraft:sneak_time":11957,"minecraft:deaths":27,"minecraft:walk_under_water_one_cm":78116,"minecraft:jump":5214,"minecraft:walk_on_water_one_cm":78170,"minecraft:total_world_time":266874,"minecraft:interact_with_furnace":88,"tombstone:raider_killed":5,"minecraft:interact_with_stonecutter":1,"minecraft:sleep_in_bed":9,"minecraft:time_since_rest":17710,"minecraft:damage_taken":13077,"minecraft:damage_absorbed":40,"tombstone:sneak_grave":5,"minecraft:damage_dealt":18553,"minecraft:player_kills":1,"minecraft:swim_one_cm":108558,"minecraft:fly_one_cm":971876,"minecraft:open_chest":50,"minecraft:crouch_one_cm":20504,"tombstone:undead_killed":27,"minecraft:fall_one_cm":170287},"minecraft:killed":{"earthmobsmod:duck":3,"minecraft:spider":3,"enemyexpansion:direwolf":1,"illagerinvasion:basher":1,"minecraft:skeleton":18,"alexsmobs:banana_slug":1,"minecraft:chicken":1,"earthmobsmod:fancy_chicken":5,"illagerinvasion:provoker":1,"minecraft:illusioner":2,"earthmobsmod:albino_cow":16,"minecraft:pig":14,"iceandfire:cyclops":2,"takesapillage:skirmisher":1,"earthmobsmod:cream_cow":4,"minecraft:sheep":11,"minecraft:zombie":9,"enemyexpansion:botfly":4,"alexsmobs:crow":2,"minecraft:cow":3},"minecraft:killed_by":{"iceandfire:cyclops":8,"minecraft:skeleton":3,"minecraft:zombie":2,"enemyexpansion:direwolf":1,"iceandfire:fire_dragon":6}},"DataVersion":3465}