{"stats":{"minecraft:custom":{"minecraft:interact_with_furnace":58,"minecraft:mob_kills":36,"minecraft:interact_with_crafting_table":36,"minecraft:damage_dealt_resisted":8,"minecraft:leave_game":3,"minecraft:time_since_death":29244,"minecraft:sleep_in_bed":3,"minecraft:time_since_rest":0,"minecraft:sprint_one_cm":187026,"minecraft:damage_taken":1677,"minecraft:walk_one_cm":182960,"minecraft:drop":18,"minecraft:damage_dealt":4080,"minecraft:swim_one_cm":23512,"minecraft:fly_one_cm":238306,"minecraft:crouch_one_cm":6152,"minecraft:play_time":64553,"tombstone:undead_killed":4,"minecraft:deaths":2,"minecraft:sneak_time":2966,"minecraft:walk_under_water_one_cm":13639,"minecraft:jump":1290,"minecraft:walk_on_water_one_cm":15754,"minecraft:total_world_time":64553,"minecraft:fall_one_cm":28905},"minecraft:dropped":{"minecraft:cooked_chicken":3,"minecraft:cooked_beef":7,"minecraft:oak_planks":1,"minecraft:stripped_oak_log":1,"minecraft:cooked_mutton":3,"minecraft:white_wool":3},"minecraft:used":{"minecraft:oak_fence":3,"minecraft:cooked_mutton":8,"minecraft:stone_sword":121,"minecraft:stone_pickaxe":190,"minecraft:oak_planks":19,"minecraft:wooden_pickaxe":24,"minecraft:iron_sword":1,"minecraft:cooked_chicken":1,"minecraft:white_wool":1,"minecraft:torch":115,"minecraft:dirt":27,"minecraft:crafting_table":9,"minecraft:white_bed":5,"minecraft:wooden_axe":62,"minecraft:cobblestone":21,"minecraft:furnace":5,"minecraft:cooked_porkchop":4,"minecraft:andesite":3,"tombstone:gift":2,"alexsmobs:animal_dictionary":2,"minecraft:egg":2,"minecraft:cooked_beef":5,"minecraft:cobbled_deepslate":2},"minecraft:mined":{"minecraft:white_bed":4,"iceandfire:silver_ore":1,"minecraft:oak_fence":3,"minecraft:crafting_table":7,"minecraft:torch":7,"minecraft:grass_block":4,"minecraft:tall_grass":2,"minecraft:cobblestone":2,"minecraft:spruce_leaves":4,"minecraft:oak_planks":2,"minecraft:wall_torch":6,"minecraft:furnace":2,"minecraft:iron_ore":46,"minecraft:andesite":3,"minecraft:grass":4,"minecraft:oak_log":27,"minecraft:coal_ore":85,"minecraft:deepslate_iron_ore":13,"minecraft:dirt":2,"minecraft:stripped_oak_log":1,"minecraft:stone":51,"minecraft:oak_leaves":3,"minecraft:deepslate":1},"minecraft:crafted":{"minecraft:cooked_beef":20,"minecraft:oak_planks":108,"minecraft:cooked_porkchop":4,"minecraft:crafting_table":2,"minecraft:leather_horse_armor":1,"minecraft:iron_helmet":1,"minecraft:wooden_pickaxe":1,"minecraft:cooked_chicken":4,"minecraft:iron_sword":1,"minecraft:furnace":3,"minecraft:cooked_mutton":19,"minecraft:air":0,"minecraft:iron_boots":1,"minecraft:iron_chestplate":1,"minecraft:stick":56,"minecraft:iron_ingot":33,"minecraft:iron_pickaxe":1,"minecraft:stone_pickaxe":2,"minecraft:wooden_axe":2,"minecraft:stone_sword":1,"minecraft:iron_leggings":1,"minecraft:white_bed":2,"minecraft:torch":148},"minecraft:killed_by":{"minecraft:skeleton":1,"enemyexpansion:direwolf":1},"minecraft:picked_up":{"minecraft:stripped_oak_log":2,"minecraft:crafting_table":7,"minecraft:chicken":1,"minecraft:andesite":3,"minecraft:leather":14,"minecraft:oak_log":27,"minecraft:gunpowder":3,"minecraft:dirt":28,"minecraft:bone":2,"minecraft:wheat_seeds":1,"minecraft:cobbled_deepslate":2,"minecraft:beef":22,"minecraft:oak_planks":3,"minecraft:egg":2,"minecraft:furnace":2,"minecraft:raw_iron":60,"minecraft:oak_fence":3,"minecraft:torch":24,"minecraft:porkchop":9,"minecraft:white_bed":4,"minecraft:arrow":2,"minecraft:oak_sapling":1,"minecraft:black_wool":1,"minecraft:mutton":30,"minecraft:coal":92,"iceandfire:raw_silver":1,"minecraft:white_wool":10,"minecraft:cobblestone":55},"minecraft:broken":{"minecraft:stone_pickaxe":1,"minecraft:stone_sword":1,"minecraft:wooden_axe":1},"minecraft:killed":{"minecraft:pig":4,"minecraft:sheep":11,"minecraft:skeleton":1,"minecraft:zombie":3,"minecraft:chicken":1,"minecraft:cow":2,"earthmobsmod:albino_cow":8}},"DataVersion":3465}