{"stats":{"minecraft:custom":{"minecraft:interact_with_crafting_table":91,"minecraft:open_barrel":6,"minecraft:leave_game":9,"minecraft:time_since_death":6254,"minecraft:sprint_one_cm":1643248,"minecraft:damage_blocked_by_shield":546,"minecraft:drop":386,"minecraft:talked_to_villager":14,"minecraft:play_time":483639,"minecraft:deaths":57,"minecraft:jump":11386,"minecraft:walk_on_water_one_cm":166699,"minecraft:interact_with_furnace":104,"minecraft:sleep_in_bed":10,"tombstone:sneak_grave":5,"minecraft:damage_dealt":31862,"minecraft:player_kills":1,"minecraft:crouch_one_cm":30574,"tombstone:undead_killed":43,"minecraft:horse_one_cm":42705,"minecraft:mob_kills":168,"minecraft:damage_dealt_resisted":8,"minecraft:climb_one_cm":106810,"minecraft:walk_one_cm":1533292,"minecraft:damage_dealt_absorbed":81,"minecraft:sneak_time":15341,"minecraft:walk_under_water_one_cm":125116,"minecraft:total_world_time":483639,"tombstone:raider_killed":6,"minecraft:interact_with_stonecutter":1,"minecraft:time_since_rest":6081,"minecraft:damage_taken":2147483647,"minecraft:damage_absorbed":119,"minecraft:trigger_trapped_chest":1,"minecraft:swim_one_cm":324398,"minecraft:fly_one_cm":2273540,"minecraft:open_chest":111,"minecraft:fall_one_cm":347343},"minecraft:killed_by":{"iceandfire:cyclops":8,"alexsmobs:crocodile":1,"minecraft:silverfish":1,"minecraft:zombie":3,"iceandfire:fire_dragon":21,"minecraft:player":2,"iceandfire:gorgon":2,"minecraft:skeleton":4,"alexsmobs:crimson_mosquito":1,"enemyexpansion:direwolf":1,"iceandfire:ghost":1},"minecraft:picked_up":{"minecraft:iron_chestplate":1,"minecraft:wheat":44,"minecraft:oak_stairs":4,"aether:iron_gloves":1,"minecraft:potion":2,"minecraft:brown_bed":1,"minecraft:enchanted_book":1,"minecraft:stone_brick_stairs":1,"tombstone:grave_key":1,"minecraft:string":14,"minecraft:raw_copper":2,"minecraft:iron_leggings":1,"minecraft:sticky_piston":5,"minecraft:armor_stand":1,"minecraft:comparator":8,"minecraft:cobbled_deepslate":107,"alexsmobs:blood_sac":4,"minecraft:gold_nugget":1658,"earthmobsmod:duck_egg":1,"minecraft:spruce_planks":4,"minecraft:redstone_torch":2,"minecraft:iron_pickaxe":1,"iceandfire:dragonscales_red":15,"minecraft:iron_boots":2,"minecraft:furnace":16,"minecraft:stick":27,"minecraft:oak_fence":3,"minecraft:torch":59,"minecraft:porkchop":38,"minecraft:sandstone_wall":2,"minecraft:target":1,"minecraft:diorite":6,"tombstone:grave_dust":8,"aether:golden_gloves":1,"minecraft:rotten_flesh":15,"minecraft:tropical_fish":1,"iceandfire:fire_dragon_heart":2,"minecraft:iron_block":1,"artifacts:panic_necklace":1,"supplementaries:ash":1,"minecraft:obsidian":1,"minecraft:cobblestone":121,"minecraft:birch_log":4,"minecraft:feather":9,"minecraft:cooked_beef":6,"minecraft:iron_door":4,"minecraft:water_bucket":1,"minecraft:andesite":3,"iceandfire:armor_red_chestplate":1,"minecraft:chiseled_quartz_block":7,"minecraft:tuff":2,"supplementaries:flax_seeds":1,"iceandfire:dragonscales_bronze":4,"minecraft:lapis_lazuli":23,"minecraft:dirt":64,"minecraft:lantern":1,"minecraft:name_tag":1,"minecraft:bone":55,"minecraft:bow":1,"minecraft:wheat_seeds":124,"minecraft:moss_block":4,"minecraft:oak_planks":10,"minecraft:cooked_porkchop":10,"iceandfire:dragon_skull_fire":1,"minecraft:sand":3,"minecraft:bundle":2,"minecraft:light_gray_concrete":11,"minecraft:granite":2,"minecraft:golden_apple":2,"minecraft:emerald":3,"minecraft:chainmail_helmet":3,"iceandfire:troll_leather_forest":2,"minecraft:rooted_dirt":16,"minecraft:oak_sapling":14,"minecraft:oak_leaves":63,"minecraft:crimson_roots":3,"iceandfire:raw_silver":1,"minecraft:diamond_pickaxe":1,"minecraft:coarse_dirt":3,"minecraft:crafting_table":18,"minecraft:chicken":14,"minecraft:ladder":38,"minecraft:clay_ball":4,"friendsandfoes:totem_of_illusion":2,"minecraft:gold_block":6,"minecraft:iron_axe":2,"minecraft:beef":129,"iceandfire:armor_red_helmet":1,"minecraft:iron_nugget":9,"minecraft:poppy":1,"minecraft:spruce_slab":13,"minecraft:sugar_cane":2,"minecraft:birch_sapling":2,"minecraft:egg":5,"minecraft:raw_iron":90,"iceandfire:dragonbone":18,"iceandfire:troll_tusk":2,"minecraft:stone_button":1,"iceandfire:cyclops_eye":2,"minecraft:arrow":15,"minecraft:diamond_chestplate":1,"artifacts:cowboy_hat":1,"iceandfire:chared_dirt":2,"minecraft:hay_block":38,"tombstone:essence_of_undeath":1,"minecraft:saddle":1,"minecraft:gold_ingot":1,"sophisticatedbackpacks:copper_backpack":1,"minecraft:glow_berries":2,"minecraft:mutton":61,"minecraft:white_wool":18,"minecraft:stripped_oak_log":2,"minecraft:birch_leaves":4,"minecraft:glow_ink_sac":2,"artifacts:eternal_steak":1,"minecraft:tripwire_hook":2,"minecraft:crimson_stem":1,"minecraft:leather":45,"minecraft:filled_map":3,"minecraft:oak_log":98,"iceandfire:ectoplasm":2,"minecraft:gunpowder":15,"alexsmobs:mosquito_proboscis":1,"minecraft:paper":1,"minecraft:white_banner":2,"tombstone:gift":1,"minecraft:cooked_mutton":3,"minecraft:apple":3,"minecraft:stone_bricks":5,"earthmobsmod:fancy_feather":2,"minecraft:iron_ingot":11,"tombstone:bag_of_seeds":1,"minecraft:iron_sword":5,"iceandfire:fire_dragon_flesh":4,"sophisticatedbackpacks:diamond_backpack":1,"iceandfire:copper_nugget":4,"minecraft:sweet_berries":114,"iceandfire:ash":4,"minecraft:dandelion":3,"minecraft:gravel":17,"minecraft:white_bed":25,"minecraft:spruce_log":28,"minecraft:spider_eye":4,"minecraft:iron_helmet":3,"tombstone:magic_scroll":2,"minecraft:black_wool":1,"minecraft:coal":300},"minecraft:used":{"minecraft:moss_block":6,"minecraft:spruce_slab":3,"minecraft:shield":23,"minecraft:iron_sword":1843,"minecraft:rotten_flesh":2,"minecraft:iron_chestplate":1,"minecraft:carrot":10,"minecraft:tuff":2,"friendsandfoes:totem_of_illusion":2,"minecraft:lantern":1,"minecraft:iron_helmet":2,"minecraft:stone_bricks":3,"minecraft:sweet_berries":117,"supplementaries:ash":1,"minecraft:furnace":19,"minecraft:egg":5,"minecraft:potato":10,"minecraft:diorite":6,"minecraft:stone_pickaxe":197,"minecraft:oak_planks":252,"artifacts:eternal_steak":1,"minecraft:wooden_pickaxe":24,"minecraft:oak_leaves":43,"minecraft:white_wool":1,"minecraft:golden_apple":3,"minecraft:glow_berries":3,"minecraft:chiseled_quartz_block":1,"minecraft:shears":120,"minecraft:redstone_torch":4,"minecraft:sticky_piston":5,"earthmobsmod:duck_egg":1,"minecraft:bread":49,"minecraft:gravel":14,"minecraft:iron_door":2,"iceandfire:dragon_skull_fire":1,"minecraft:andesite":3,"minecraft:coarse_dirt":3,"minecraft:oak_fence":3,"minecraft:stone_sword":121,"minecraft:tropical_fish":1,"minecraft:spruce_planks":24,"minecraft:cooked_chicken":1,"minecraft:sandstone_wall":1,"minecraft:torch":376,"minecraft:dirt":54,"minecraft:target":1,"minecraft:granite":1,"iceandfire:gold_pile":6,"minecraft:wooden_axe":62,"minecraft:iron_axe":245,"minecraft:rooted_dirt":16,"minecraft:iron_boots":1,"minecraft:crimson_planks":4,"minecraft:beef":8,"tombstone:gift":8,"minecraft:cooked_beef":38,"minecraft:cobbled_deepslate":68,"minecraft:brown_bed":1,"minecraft:iron_leggings":1,"minecraft:cooked_mutton":11,"minecraft:water_bucket":181,"iceandfire:fire_dragon_flesh":4,"minecraft:birch_planks":16,"minecraft:leather_boots":1,"iceandfire:chared_dirt":2,"minecraft:crafting_table":24,"minecraft:white_bed":27,"tombstone:bag_of_seeds":1,"minecraft:oak_log":2,"minecraft:diamond_pickaxe":99,"minecraft:iron_pickaxe":220,"minecraft:suspicious_stew":1,"tombstone:magic_scroll":5,"minecraft:cobblestone":54,"minecraft:porkchop":2,"minecraft:white_banner":1,"minecraft:cooked_porkchop":28,"minecraft:bucket":182,"alexsmobs:animal_dictionary":2,"minecraft:dandelion":1},"minecraft:killed":{"earthmobsmod:duck":3,"minecraft:spider":5,"illagerinvasion:basher":1,"minecraft:skeleton":21,"alexsmobs:banana_slug":1,"minecraft:chicken":1,"illagerinvasion:provoker":1,"minecraft:illusioner":2,"minecraft:pig":18,"minecraft:zombie_villager":1,"alexsmobs:crimson_mosquito":4,"minecraft:sheep":14,"minecraft:zombie":16,"alexsmobs:terrapin":1,"enemyexpansion:botfly":4,"minecraft:cow":3,"enemyexpansion:wasp":1,"minecraft:vindicator":1,"enemyexpansion:direwolf":7,"iceandfire:fire_dragon":2,"earthmobsmod:fancy_chicken":5,"earthmobsmod:albino_cow":16,"iceandfire:cyclops":2,"takesapillage:skirmisher":1,"earthmobsmod:cream_cow":9,"iceandfire:ghost":3,"friendsandfoes:moobloom":4,"alexsmobs:crow":2,"enemyexpansion:slugger":2},"minecraft:mined":{"minecraft:spruce_planks":4,"minecraft:white_bed":24,"iceandfire:copper_pile":4,"minecraft:cave_vines_plant":2,"minecraft:granite":2,"minecraft:grass_block":23,"placeablesmod:nametagblock":1,"minecraft:weeping_vines_plant":1,"minecraft:iron_ore":51,"minecraft:cobbled_deepslate":7,"minecraft:sticky_piston":1,"minecraft:fire":16,"minecraft:target":1,"minecraft:moss_carpet":1,"minecraft:deepslate_lapis_ore":3,"minecraft:brown_bed":1,"minecraft:cave_vines":4,"iceandfire:gold_pile":144,"minecraft:dirt_path":1,"minecraft:light_gray_concrete":11,"minecraft:iron_block":1,"minecraft:spruce_slab":3,"minecraft:tripwire":6,"minecraft:powder_snow":12,"minecraft:chiseled_quartz_block":3,"minecraft:clay":1,"minecraft:torch":12,"minecraft:poppy":1,"minecraft:dead_bush":1,"minecraft:cobblestone":8,"minecraft:oak_planks":8,"minecraft:iron_door":3,"minecraft:wall_torch":15,"minecraft:repeater":1,"placeablesmod:cooked_pork_block":1,"minecraft:wheat":53,"minecraft:stone_brick_stairs":1,"minecraft:grass":81,"minecraft:oak_log":88,"minecraft:beetroots":1,"minecraft:dirt":11,"minecraft:sandstone_wall":1,"minecraft:tripwire_hook":2,"minecraft:oak_leaves":124,"minecraft:deepslate":89,"minecraft:light_blue_stained_glass_pane":2,"minecraft:tuff":2,"iceandfire:silver_ore":1,"minecraft:glow_lichen":1,"minecraft:crimson_roots":2,"iceandfire:chared_dirt":2,"minecraft:spruce_leaves":39,"minecraft:moss_block":6,"minecraft:crimson_stem":2,"minecraft:large_fern":10,"minecraft:hay_block":40,"minecraft:furnace":17,"minecraft:carrots":5,"minecraft:andesite":3,"minecraft:deepslate_iron_ore":30,"minecraft:vine":4,"minecraft:stripped_oak_log":1,"minecraft:stone":75,"minecraft:podzol":5,"minecraft:glass_pane":4,"minecraft:hanging_roots":1,"minecraft:dandelion":1,"minecraft:oak_fence":3,"minecraft:crafting_table":18,"minecraft:tall_grass":32,"minecraft:copper_ore":1,"minecraft:coarse_dirt":3,"minecraft:sweet_berry_bush":63,"minecraft:spruce_log":30,"minecraft:birch_leaves":27,"minecraft:white_wall_banner":1,"minecraft:coal_ore":88,"minecraft:gravel":4,"minecraft:stone_bricks":4,"minecraft:fern":19},"minecraft:broken":{"aether:golden_gloves":1,"minecraft:iron_boots":1,"minecraft:iron_leggings":2,"iceandfire:armor_bronze_boots":1,"minecraft:stone_pickaxe":1,"iceandfire:armor_red_helmet":1,"minecraft:iron_sword":2,"minecraft:wooden_axe":1,"minecraft:leather_helmet":1,"minecraft:stone_sword":1,"aether:iron_gloves":1,"minecraft:leather_boots":1,"minecraft:iron_helmet":2,"iceandfire:armor_red_chestplate":1},"minecraft:crafted":{"minecraft:oak_planks":384,"minecraft:leather_horse_armor":1,"minecraft:cooked_chicken":4,"aether:golden_ring":1,"aether:golden_gloves":1,"minecraft:cooked_mutton":19,"minecraft:iron_boots":1,"sophisticatedbackpacks:backpack":1,"minecraft:cooked_porkchop":22,"minecraft:crafting_table":7,"minecraft:spruce_planks":112,"minecraft:wooden_pickaxe":1,"minecraft:iron_helmet":2,"minecraft:gold_block":3,"minecraft:birch_planks":16,"minecraft:iron_chestplate":1,"minecraft:shield":1,"minecraft:stick":120,"quark:oak_chest":1,"minecraft:iron_ingot":54,"minecraft:iron_pickaxe":1,"minecraft:stone_sword":1,"minecraft:gold_ingot":91,"iceandfire:gold_pile":32,"minecraft:shears":1,"minecraft:saddle":1,"minecraft:leather_leggings":1,"minecraft:leather_boots":1,"minecraft:furnace":3,"minecraft:stone_pickaxe":2,"minecraft:wheat":288,"sophisticatedbackpacks:iron_backpack":1,"minecraft:cooked_beef":43,"minecraft:crimson_planks":4,"iceandfire:armor_bronze_boots":1,"minecraft:iron_sword":5,"sophisticatedbackpacks:gold_backpack":1,"minecraft:leather_helmet":1,"minecraft:bucket":1,"minecraft:bread":109,"minecraft:air":0,"minecraft:wooden_axe":2,"minecraft:iron_leggings":2,"minecraft:white_bed":3,"minecraft:torch":336},"minecraft:dropped":{"minecraft:iron_sword":3,"iceandfire:raw_silver":1,"minecraft:cooked_beef":7,"minecraft:glow_ink_sac":2,"minecraft:leather":3,"minecraft:saddle":1,"sophisticatedbackpacks:gold_backpack":1,"minecraft:gold_block":3,"minecraft:dirt":9,"iceandfire:ash":3,"minecraft:sand":3,"minecraft:iron_pickaxe":1,"minecraft:white_wool":8,"minecraft:gold_ingot":54,"minecraft:gravel":2,"minecraft:sugar_cane":1,"minecraft:iron_nugget":4,"minecraft:cooked_chicken":3,"minecraft:cobbled_deepslate":7,"aether:golden_gloves":1,"minecraft:birch_sapling":1,"minecraft:wheat":1,"minecraft:obsidian":11,"tombstone:gift":1,"minecraft:oak_planks":26,"minecraft:cooked_mutton":8,"minecraft:poppy":1,"minecraft:gunpowder":4,"minecraft:ladder":70,"minecraft:spruce_slab":10,"minecraft:arrow":19,"minecraft:beef":11,"minecraft:oak_leaves":20,"iceandfire:manuscript":4,"minecraft:water_bucket":2,"minecraft:bread":11,"minecraft:birch_leaves":3,"minecraft:wheat_seeds":11,"minecraft:iron_helmet":2,"minecraft:feather":4,"minecraft:cobblestone":30,"illagerinvasion:illusionary_dust":2,"minecraft:apple":3,"minecraft:granite":1,"iceandfire:cyclops_eye":1,"minecraft:chainmail_helmet":3,"tombstone:grave_key":4,"minecraft:iron_door":2,"tombstone:grave_dust":5,"minecraft:potion":4,"minecraft:white_banner":1,"minecraft:iron_axe":1,"minecraft:string":2,"minecraft:dandelion":1,"minecraft:sweet_berries":13,"minecraft:chiseled_quartz_block":4,"minecraft:chicken":1,"minecraft:clay_ball":4,"minecraft:iron_boots":1,"minecraft:comparator":8,"minecraft:stripped_oak_log":1,"minecraft:light_gray_concrete":11,"minecraft:filled_map":3,"minecraft:diamond_chestplate":1,"minecraft:spruce_planks":88,"minecraft:oak_sapling":1,"artifacts:eternal_steak":1,"minecraft:redstone_torch":1,"minecraft:spider_eye":1,"minecraft:stone_bricks":1,"tombstone:essence_of_undeath":1,"minecraft:bow":1,"minecraft:stone_pickaxe":1,"minecraft:wooden_pickaxe":1,"minecraft:black_wool":1}},"DataVersion":3465}