{"stats":{"minecraft:custom":{"minecraft:interact_with_furnace":64,"minecraft:mob_kills":47,"minecraft:interact_with_crafting_table":48,"minecraft:damage_dealt_resisted":8,"minecraft:leave_game":4,"minecraft:time_since_death":52448,"minecraft:sleep_in_bed":3,"minecraft:climb_one_cm":18613,"minecraft:time_since_rest":22566,"minecraft:sprint_one_cm":234887,"minecraft:damage_taken":2154,"minecraft:walk_one_cm":229532,"minecraft:damage_blocked_by_shield":105,"minecraft:drop":34,"minecraft:damage_dealt":6911,"minecraft:swim_one_cm":35382,"minecraft:fly_one_cm":270889,"minecraft:open_chest":1,"minecraft:play_time":87757,"minecraft:crouch_one_cm":8144,"minecraft:sneak_time":5517,"tombstone:undead_killed":13,"minecraft:deaths":2,"minecraft:walk_under_water_one_cm":16163,"minecraft:jump":1497,"minecraft:walk_on_water_one_cm":23657,"minecraft:fall_one_cm":31324,"minecraft:total_world_time":87757},"minecraft:dropped":{"minecraft:cooked_chicken":3,"minecraft:cooked_beef":7,"minecraft:iron_helmet":1,"minecraft:oak_planks":1,"minecraft:comparator":8,"minecraft:stripped_oak_log":1,"minecraft:saddle":1,"minecraft:cooked_mutton":8,"minecraft:chainmail_helmet":1,"minecraft:dirt":2,"tombstone:grave_dust":2,"tombstone:essence_of_undeath":1,"minecraft:wooden_pickaxe":1,"minecraft:white_wool":3,"minecraft:black_wool":1},"minecraft:used":{"minecraft:oak_fence":3,"minecraft:cooked_mutton":11,"minecraft:water_bucket":4,"minecraft:stone_sword":121,"minecraft:stone_pickaxe":190,"minecraft:oak_planks":43,"minecraft:wooden_pickaxe":24,"minecraft:shield":8,"minecraft:iron_sword":224,"minecraft:cooked_chicken":1,"minecraft:white_wool":1,"minecraft:torch":128,"minecraft:dirt":29,"minecraft:crafting_table":11,"minecraft:white_bed":5,"minecraft:wooden_axe":62,"minecraft:iron_pickaxe":8,"minecraft:cobblestone":21,"minecraft:furnace":5,"minecraft:cooked_porkchop":4,"tombstone:gift":4,"minecraft:cooked_beef":8,"minecraft:andesite":3,"minecraft:bucket":5,"alexsmobs:animal_dictionary":2,"minecraft:egg":2,"minecraft:cobbled_deepslate":2},"minecraft:mined":{"minecraft:podzol":4,"minecraft:white_bed":5,"iceandfire:silver_ore":1,"minecraft:oak_fence":3,"minecraft:crafting_table":9,"minecraft:torch":7,"minecraft:grass_block":4,"minecraft:tall_grass":2,"minecraft:cobblestone":2,"minecraft:spruce_leaves":10,"minecraft:oak_planks":4,"minecraft:wall_torch":6,"minecraft:furnace":4,"minecraft:iron_ore":46,"minecraft:andesite":3,"minecraft:grass":4,"minecraft:coal_ore":85,"minecraft:oak_log":27,"minecraft:deepslate_iron_ore":13,"minecraft:dirt":3,"minecraft:stripped_oak_log":1,"minecraft:tripwire_hook":2,"minecraft:stone":51,"minecraft:tripwire":4,"minecraft:oak_leaves":3,"minecraft:deepslate":1},"minecraft:crafted":{"minecraft:cooked_beef":20,"minecraft:saddle":1,"minecraft:oak_planks":108,"sophisticatedbackpacks:backpack":1,"minecraft:cooked_porkchop":4,"minecraft:crafting_table":2,"minecraft:leather_horse_armor":1,"minecraft:cooked_chicken":4,"minecraft:iron_helmet":1,"minecraft:wooden_pickaxe":1,"minecraft:iron_sword":2,"minecraft:furnace":3,"minecraft:bucket":1,"minecraft:cooked_mutton":19,"minecraft:air":0,"minecraft:iron_chestplate":1,"minecraft:iron_boots":1,"minecraft:shield":1,"minecraft:stick":56,"quark:oak_chest":1,"minecraft:iron_ingot":45,"minecraft:iron_pickaxe":1,"minecraft:stone_pickaxe":2,"minecraft:wooden_axe":2,"minecraft:stone_sword":1,"minecraft:iron_leggings":1,"minecraft:white_bed":2,"minecraft:torch":148},"minecraft:killed_by":{"minecraft:skeleton":1,"enemyexpansion:direwolf":1},"minecraft:picked_up":{"minecraft:crafting_table":9,"minecraft:chicken":1,"minecraft:tripwire_hook":2,"minecraft:andesite":3,"minecraft:leather":14,"minecraft:oak_log":27,"minecraft:gunpowder":3,"minecraft:dirt":32,"minecraft:string":4,"tombstone:gift":1,"minecraft:sticky_piston":5,"minecraft:bone":7,"minecraft:wheat_seeds":1,"minecraft:cobbled_deepslate":3,"minecraft:comparator":8,"minecraft:iron_ingot":4,"minecraft:beef":22,"minecraft:spruce_slab":10,"minecraft:oak_planks":5,"minecraft:furnace":4,"minecraft:egg":2,"minecraft:raw_iron":69,"minecraft:oak_fence":3,"minecraft:torch":24,"minecraft:porkchop":9,"tombstone:grave_dust":1,"minecraft:white_bed":5,"minecraft:bundle":1,"minecraft:arrow":9,"minecraft:saddle":1,"minecraft:iron_helmet":1,"tombstone:essence_of_undeath":1,"minecraft:chainmail_helmet":2,"minecraft:oak_sapling":1,"minecraft:black_wool":1,"minecraft:mutton":30,"minecraft:coal":136,"minecraft:white_wool":10,"iceandfire:raw_silver":1,"minecraft:cobblestone":55,"minecraft:stripped_oak_log":2},"minecraft:broken":{"minecraft:stone_pickaxe":1,"minecraft:stone_sword":1,"minecraft:iron_sword":1,"minecraft:wooden_axe":1},"minecraft:killed":{"minecraft:pig":4,"minecraft:sheep":11,"minecraft:skeleton":9,"minecraft:zombie":4,"alexsmobs:banana_slug":1,"minecraft:chicken":1,"alexsmobs:crow":1,"earthmobsmod:albino_cow":8,"minecraft:cow":2}},"DataVersion":3465}